guid,altid,first_name,last_name,address,zip,region,lat,lon
986FC58A-3B13-7DEE-ECDA-95E2388AE5FD,1D265437-1314-4EA7-2B32-26D30A495809,Daryl,Valenzuela,650-7555 Pharetra. Ave,665818,Brussels Hoofdstedelijk Gewest,41.57376778,-169.5627133
082789E2-9D3A-DA84-2086-DEDEC83F46C2,2167E809-4F99-EA36-A306-177CA6B8CBD5,Chiquita,Cook,"P.O. Box 445, 1985 Tellus Av.",61683,Phú Thọ,-35.5256662,44.40658002
75261691-7A59-E6E3-D45F-D71DCDE9B64E,CEE49EDD-5337-EA8D-E5D9-695EA794675E,Hayden,Knowles,Ap #209-2681 Ultrices. Road,278988,Xīnán,-68.86511391,62.47849994
6F2AE798-B7B5-43C2-43D3-592B1109FA23,2BA41BA5-BD91-2C6E-BDBA-7AEBEBCA4A8B,Karen,Fitzgerald,239-4983 Metus St.,661343,Noord Holland,23.83727401,-32.43143014
C1DFC1C5-E1AE-6C3C-B896-6AC906D78B75,B88D594D-D82B-FF96-6A13-BE3F5EA8C09E,Harrison,Bradshaw,"P.O. Box 672, 3567 Lorem, St.",13301,La Libertad,-37.1363712,-164.7661257
B0F8617E-B92E-3D28-6C45-D33CAC621FF3,CE71E9BE-2D11-74A7-9F53-DD6A7C4A2188,Caesar,Matthews,9348 Ultricies Rd.,76358,Limburg,-63.38889011,-140.5019733
422A904A-65C4-B8E0-5D98-B4A4E3C15DC0,3CC12277-AE43-EC0A-709D-ECFD34C12C92,Erica,Barker,Ap #169-7969 Commodo Ave,641319,Munster,14.90508831,77.67420406
74F7664E-6C86-C52B-783D-AE674192755D,678BDFBC-0EAA-E55D-2E92-063CCD834884,Malik,Santiago,6420 Egestas. Ave,582532,Kayseri,15.16367002,178.1479887
85484974-4364-6B74-46C5-F6675FF15F84,B61FEC6E-1239-27B3-9BF3-AB8434428C48,Chiquita,Holder,726-4630 Orci Ave,P1L 6G5,Quebec,-58.58121032,-114.2288204
649A036D-0521-0AB3-F74A-7D33587EADF3,0568BDDE-7C85-11BB-AC57-DEB3D56664F3,Amela,Hoffman,908-4144 Quisque Road,18546,Huádōng,50.54485545,-168.6987824
E32D5E8B-453F-ACC9-9BC0-98D459BE2E8B,A428BB37-0B77-57DB-3431-978E44AB66EB,Madonna,Porter,631-746 Tellus. Rd.,52148-148,Franche-Comté,-41.90613432,90.51832218
DA3176B1-2381-C941-620A-212780DA1A61,8F8E7AEE-E6C4-5708-53B1-72CDD805AB48,Frances,Fischer,Ap #912-4061 Est Rd.,66781,North Sulawesi,-18.57426053,17.86712627
B8192315-973B-5F8C-95A3-5AD47281E17B,7D5CAE7A-5F37-B8BB-3C74-91C38AF0DD11,Arden,Herring,Ap #831-8489 Ac Ave,12517,Western Cape,-12.59720673,60.74917908
D6633553-132F-AB3C-0361-4103BEC737CA,A697C451-F1CC-29EB-D60B-59A5C8CA9B6A,Lionel,Medina,945-2694 Feugiat Street,908486,Chernivtsi oblast,63.50614405,50.78490829
3EF75C4D-152C-E944-BE87-6B26106C9C87,B888C4DB-B882-AEE7-D8BA-6D0CBEA210AA,Colette,Mcguire,Ap #512-5944 Aliquam Avenue,48230,Khyber Pakhtoonkhwa,0.516980019,78.88039076
8D49FB56-D44D-0E4C-E13D-B312DFB947C7,1A2DBA89-D4E8-FA8C-6375-CFD5F0747C27,Farrah,Barry,"P.O. Box 898, 4893 Adipiscing Road",1157,Waals-Brabant,-54.72571873,68.24029297
914DBE43-98AC-99CC-5ECF-32AB63E72941,E8DE3DBE-DAA8-9638-BEBD-188206742231,Trevor,Mcbride,"P.O. Box 464, 496 Euismod Street",3006,Querétaro,59.79525069,-123.9176951
D8AA44C5-63A4-2477-6271-B9B5967B209B,8CD3A6A6-9A40-841C-C878-928AC5FAC474,Jolene,Lowery,Ap #639-3587 Mauris Road,334561,FATA,40.91760384,67.87098286
8B91DF9D-4C48-4EBD-7E22-444D103478B8,71DEE82B-45DC-40EE-BCB2-7005E4352E66,James,Gonzales,7928 Dolor. Av.,B2M 1J4,Puno,-16.31809403,-107.7432289
332E6B99-CCEE-9ABE-68E7-3317B5A2E185,6C4FA23D-45CB-AA18-71D1-AD742A858640,Serena,Gilbert,3591 Facilisis Street,462113,Querétaro,18.51278858,-61.64596685
BBE73176-976B-CEB3-0697-D43F4F42EF05,56CAE8FE-6167-FF34-864D-FD858BA70731,Ethan,Rose,684-3993 Feugiat St.,12387,Prince Edward Island,-52.91769221,84.62711992
BBE557E3-184C-8549-A26E-0BC2DA4157D7,201D3789-431E-243E-AB73-4B02C3E45E0C,Sarah,Dunlap,549-4548 Nisi. Avenue,51245,Atacama,-51.86201119,-114.5951649
36A5988C-99B7-14F7-CCB5-F3D4D42782D7,FEBC7AF3-A5CF-E94A-D4A4-79B2475356BC,Tamekah,Mcdaniel,"P.O. Box 847, 3706 Enim. Ave",633715,FATA,-74.2593833,104.9542455
A8E13A20-1B88-21B8-B4D7-D99D5BECD793,BE42BC9B-82DE-797B-607E-2458BC33D110,Georgia,Guthrie,474-5449 Ullamcorper. St.,6841 FS,Chernivtsi oblast,-24.04126116,89.99947192
233738E4-B94F-7A21-9F7B-B2477188B452,DD597627-1542-2250-3A0B-31341D987366,Griffin,Velazquez,381-8469 A St.,H4K 1W1,Tripura,-21.67488205,-112.3471229
36BEBB52-B735-E1A6-CB68-D6548BA44924,AA25821D-77ED-156E-24A7-89A19E9EE521,Regan,Harmon,3938 Accumsan St.,398318,Kyiv oblast,-85.44759163,-116.3651864
DE5932B2-836C-3D9D-CB4B-5EDCB6BB72E6,B41874EC-1B2B-5993-7451-777A44714D33,Fitzgerald,Sanchez,9023 Eu St.,85544,National Capital Region,0.871559885,71.18980895
2EAC1EB4-E887-E5E7-42AD-DE67CAB6D34E,790A8E66-C2F4-3F24-2857-144DB61EADC9,Christopher,Thomas,Ap #258-5596 In Street,3573,Nuevo León,61.58942003,151.0002901
F38D3452-3D9E-D270-885A-E814DD6B1ACF,44A3BA80-9B93-2DB5-26CC-9A89E896B412,Reese,Mullen,"5363 Aliquet, Rd.",37493,Maule,-75.38287596,2.944328806
A155B0DD-5452-871B-D3DD-869DE475C645,28EAE427-B212-AE01-B6AD-958861AB72F9,Paul,Acosta,Ap #708-1114 Quis Road,60242,Idaho,-78.59210076,36.52119194
BC2A5A59-D6C8-D4C7-45A8-4FE6C3AF6ED2,4A7781EF-9848-BFDB-0398-443A16817116,Perry,Wilder,Ap #876-3687 Congue Street,T5S 8T5,Cauca,27.7999829,92.56360817
4B41149D-835A-E8D7-EC8D-8A3F991A794D,B2E9A1AC-215E-24C1-DFCF-75D13255536A,Duncan,Patrick,4624 Volutpat Avenue,236851,Central Java,-89.17674363,125.7920991
BA5C0C88-3E34-66E9-02DD-98BA5D89D841,B772AAD9-E797-33C9-791E-C4C942B0CC19,Michael,Walls,242-9438 Aliquam Av.,4262,Campania,-23.13389537,-118.4953045
AB902CE7-4CF3-3378-12A4-BCB805A4897D,3878DFA9-895E-47E9-8C9D-35B0184358A9,Fleur,Nieves,"P.O. Box 347, 1350 Ante Ave",57263,Adana,-76.11719772,66.37273262
0B6D9B6A-A7EC-35AD-A29B-AAF29D9B3BB3,FC55D91E-ECF0-AD5E-6D65-D276BDC0A725,Zorita,Lynch,"P.O. Box 204, 8783 Arcu. Avenue",392129,South Kalimantan,-86.07231652,10.2112258
BD15C558-7094-C588-D3EE-3BB3D7559B6D,4C367533-E849-E41A-1C7E-EC865F936B3C,Austin,Carroll,"P.O. Box 334, 7292 In Rd.",14198,Haute-Normandie,66.17927178,13.18647521
1E62290B-9CD5-9746-7C49-226E391F3E9D,A83EFBB3-659F-9015-C768-26A516D0C0D2,Rhoda,Mosley,824-5145 Dui. St.,52678-405,Guanacaste,87.58852721,-74.23167478
2B21BE01-BDBE-EE33-9E75-40DEEE3298B8,49985BA3-B27F-8344-CD6A-2CC684429560,Lacy,Moss,Ap #100-5648 Fusce Ave,66818,Hertfordshire,7.448523674,39.08213105
54180967-7BCB-E79F-30E7-D0E005D62797,47645CAB-56B2-C931-375C-8C37BC8B1CDD,Xandra,Vargas,764-218 Cras Street,728139,North Jeolla,-12.9003051,-122.091471
0CF1C22D-645D-FBA5-FA8F-94342F749884,3DC2A26A-7784-CE53-FF25-C11A54F4D17A,Dalton,Matthews,784-4567 Luctus. Av.,24660,Belgorod Oblast,75.07728241,-168.5233276
0837E05A-6CF6-9F6A-5294-6B1C44B7E1D8,01DE1DA4-4A8C-08BA-8FA4-C9A482837F74,Brenda,Maldonado,"P.O. Box 452, 3121 Tincidunt Street",8341,North Chungcheong,-71.27370394,-26.37374505
595B8B8A-4678-BB56-9566-2CD193FCBAD1,839E637A-41E5-721C-B9A4-57A6B837C824,Sheila,Stewart,801-2984 Quisque Av.,3461,Zakarpattia oblast,83.97435791,-81.4489727
A64BE7B3-1CAD-CB2B-C414-F85DE3186C96,C419826A-2BF5-C8DC-D6F4-54C9643B5EB5,Adele,Durham,8346 Magna St.,60003,South Gyeongsang,4.374886195,44.01281516
C1F96242-204C-986C-95C3-681736E818B5,351056C9-13E8-7CA2-A62A-9FC53E26A829,Uta,Ryan,Ap #298-3427 Rutrum Road,50116,Flevoland,20.28150436,151.1603115
27B26DC2-C312-834A-8770-87BE4C88C4F3,6DEEA256-40B3-991A-D399-BEC327A8ECBF,Bertha,Garner,"Ap #408-5711 Non, Street",786255,South Chungcheong,-80.94639278,64.7905538
76C6765C-DC9B-9678-AF53-2698E97DEB78,4F71C72F-1A67-DDCA-A3E3-9386D71C448B,Charissa,Dillard,"Ap #618-6202 Pellentesque, Avenue",62316-695,Kirovohrad oblast,-56.72410675,65.41967739
A2DD2517-71E3-34A7-3439-4A4869F2AF3B,44605887-1990-73D2-BC56-A648C54C112C,Leslie,Davis,Ap #120-3454 Diam Rd.,35176,Styria,-25.55127808,52.78431437
B7F84ED3-23D7-211A-C564-5781BA0EB198,6484AF68-8686-CBCB-5AE4-0B8799903523,Kirby,Glass,572-565 Lectus. Street,06-595,South Island,-11.58498765,166.5496654
CC58FE76-57AD-4B99-1452-D69259BBB1BD,4505ECDB-E991-8AE4-EAA4-9AAF256164D0,Neil,Hooper,2681 Tellus Road,5165,Guaviare,83.8160981,12.07758121
25E233CA-4790-5948-DDB0-83CC14B1235D,55C65116-2D42-B657-142C-69CDF381D493,Mira,Barrett,"P.O. Box 821, 4273 Id Street",55438,Saarland,-26.27874621,116.4415105
CF6E9A4D-5D92-7C5A-3473-6BBD8B2B4198,90ADDB19-68D6-B21D-D354-C0EE15323C32,Ezekiel,Michael,"P.O. Box 666, 9598 Mus. Street",115712,Munster,-63.05710694,10.2436649
4B844112-912C-361E-C1CD-A9EEA94C5516,2892B7B9-2536-225D-9A38-DE7110BD1AA6,Anika,Higgins,"P.O. Box 510, 4367 Sem St.",22476,łódzkie,6.95166505,68.83377265
29CFA4F9-95CA-2CC7-508B-B8D77A12281C,15815BFD-00A6-EF41-4AEC-2A71BDF2ED1E,Marshall,Whitehead,483-1455 Nec Av.,20514,Liguria,-75.6925013,148.0771814
C476E179-60A6-C466-3FA1-3EECAB8ED678,6AD4FAC7-DEDC-5D80-0A15-D995CDA0E1C7,Morgan,Barry,938-8028 Fringilla Av.,2808,Khmelnytskyi oblast,-74.49835592,-19.07573678
3AAC4BCD-5CE4-8ABD-A1B7-A4A33271827B,5C5D1863-2E65-61BC-294D-89E49AA62B9F,Aladdin,Greene,291-9144 Est St.,3610,Ilocos Region,-30.27183667,175.8181964
C5359D77-92E8-C6FD-CBA6-DD536785FE87,26842337-377E-AC34-63E9-D99547CAC1C9,Blossom,Olsen,2186 Ipsum Road,5446,Vladimir Oblast,-0.553124352,39.71074386
B62AD9C5-5EAC-0AF1-7BEB-CFC491637C53,9E7B1EAA-515F-9EED-6CDA-E9A91665F941,Aladdin,Wiley,"P.O. Box 359, 7005 Mus. Road",6707,Indiana,24.35539415,130.5014416
3AC1F2E3-91AB-52BA-F841-955482218285,C40FCAED-DA4D-992F-CFC8-1BFCB52DF93F,Maxine,Clemons,Ap #863-6393 Sit Rd.,3534,Hidalgo,61.54971228,167.6971043
AAC7044A-9436-A958-EACE-B94D6FB2C9DE,5DA57D38-9B75-7962-9597-F94396523962,Anthony,Harrison,Ap #940-4804 Odio. Rd.,Y6A 5M1,Quảng Ninh,20.76466565,-37.59060234
3E4A8629-288B-CD64-C78E-28CA3E5DE5F3,135F5A97-7C44-3759-9D67-9A5E9253D149,Cooper,Tillman,1862 Blandit St.,5585-2469,Central Region,-59.85984727,-70.90604216
65287160-E2D3-ACB4-E765-327D11A8A789,7CD727F1-3452-97B1-BA36-6E940D6C38DB,Vance,Britt,"997-2657 Vel, St.",178625,North Region,-82.07406848,-125.6095081
5733D55F-5262-8A3A-51A2-C5C216088BFD,AF4F43DE-465E-CB3C-12A7-934394F38878,Zenaida,Head,Ap #737-3436 Nulla Rd.,617637,Cusco,-37.40303288,164.0884726
8E4E82AC-99DF-DE62-5E94-74649BF99B62,615F34D5-5836-3229-610F-1E67C2D1E145,Francis,Cook,Ap #237-3436 Purus St.,64544,Huáběi,-40.68920658,34.383057
7DC5C17C-7BC4-4076-D89C-98322466EA9F,E66F3D20-DF40-C296-CDC1-DE6AC9667587,Donna,Gill,461-7432 Euismod Rd.,78992,Alajuela,84.83664794,-148.9524051
EECBE86F-1247-0D9C-FD8D-9E75D56690BA,8F677345-D7D4-A7FD-7EE2-C7B0AD3D465E,Zephania,White,Ap #156-6023 Mauris. Avenue,3080,Castilla y León,40.85694607,-160.7924208
2999A450-28AA-8BD0-D3D2-6FF3E7E4539D,466F2ABE-13AE-63C5-461C-ABAC7BD8A8B8,Xanthus,Gaines,"928-1494 Eget, St.",38941535,Massachusetts,49.69285693,89.51467684
5D14B7C6-9B15-D088-B817-55A25CBA2CBB,A20D9A5C-52BA-1C95-E175-0C1C6B19C367,Fallon,Prince,"P.O. Box 278, 6499 In Ave",3730,Bauchi,89.50505124,-145.9401107
A61363D6-28E4-8CAD-60EE-E76A6D971D32,FE4B4A41-7BBE-344D-7FA6-3C7ABAB6DDB1,James,Moran,"5516 Tincidunt, Ave",49274,Leinster,33.57231483,-80.76672328
4C3E7EB3-4CB6-31DE-9840-62ACAB142EB9,70E3BC46-3179-1B2C-259E-BA9ECA9963C1,Dolan,Mcdonald,"P.O. Box 772, 7214 Ornare, Street",26142,Cartago,46.47513119,15.02363474
97DEF21E-8B6D-1A0F-460B-986509CA9772,DA1DABED-D749-BBD5-8A04-918CD8B21EAA,Jared,Powell,6165 Luctus Rd.,E0B 3L6,Saarland,67.40925901,-81.83045038
713F8580-EA99-E1E5-6579-42371C6975B2,A1814E10-5527-3D13-49DE-C3ACFA82DADB,Lilah,Floyd,Ap #591-2773 Curabitur Street,463157,Đắk Nông,30.82716314,72.93193994
0FCEEE4F-5CC9-F751-AB2C-5BB74A442A0A,BA49F78E-3BF4-1E4C-35D4-117A27692EB4,Rowan,Workman,Ap #131-3391 Non Rd.,S2K 1W8,Xīběi,14.17547315,-91.64166287
873CBEC4-EC5F-7811-817F-84A38A54C121,6E5DA819-C249-7AA9-7836-E5C3C112458E,Patrick,Valencia,634-7018 Mauris Rd.,8775,Limón,43.11006904,169.8241047
793C22DF-ED50-8E16-A2C2-7783AFBA6ED6,C79165F0-6472-E0F7-4B83-7DC4BB47EA79,Donovan,Brooks,Ap #575-7830 Tristique Street,621241,Kherson oblast,-75.26521006,128.3275475
0B7C1FB6-A218-684B-81A5-C5836A5DC541,777E97DD-AAB3-80D3-CEE1-B18AD575AB17,Seth,Goff,Ap #398-2532 Nunc St.,0751 AU,Stockholms län,45.59731517,-68.98254664
E5E1425F-830C-6234-C9EA-89CE3BDB25EB,111DA53B-6BC2-1921-2CE4-1C788C71158E,Shaeleigh,Stein,"P.O. Box 744, 8887 Nisl Street",75534,Sindh,-85.60040602,-6.189945139
280D4BE1-D32E-4D63-3BA5-A9C749CEDA0E,7383E4B1-DFB6-4D62-3BF2-14938E1CA477,Hayley,Hester,Ap #748-6081 Mollis St.,DK23 9BU,Ulster,7.354266931,125.8166478
F4D8A5A8-49C6-A82B-2375-B8C77193B801,4D265493-B3BC-4484-42B8-2DD7E3483335,Aphrodite,Pate,"P.O. Box 116, 1751 In Street",35669,Xīnán,-31.21827615,126.72402
6B01BC53-D94F-9427-EC3C-E4AE69C17648,C241015C-38EB-E00C-386C-878D571AE9F1,Cameron,Hinton,547-8312 Malesuada Av.,4221,Eastern Cape,-26.91534193,4.264702259
1730E654-EAF4-9A20-DB8C-96B5208DA5A2,CBA668A6-DB67-4D2E-9D0E-96B9DDBE7236,Grant,Riley,524-2342 Dapibus Rd.,5846,Luik,-35.52489083,-169.970455
5F16D18C-A322-D2ED-BF79-AF912E93A508,A552E981-3358-161B-A513-D4377B9344A4,Stephen,Bowman,Ap #256-3401 Sed Street,775375,Yucatán,11.30391142,-113.1944036
8C2CBFED-67BF-CB19-1211-4E57BC68F28C,DDB64328-5786-5BF5-492D-9152CD3474DE,Margaret,Todd,"737-3847 Et, Av.",25442,Antwerpen,-80.27275121,95.28175923
C6C18EAB-4C84-47C9-1C5A-04B74A6CB6CB,24945C17-4234-7F8C-80CD-C8D6F671D110,Christopher,Cross,Ap #786-8960 Risus. Road,R4P 6X3,Tripura,-68.37269893,-114.6078535
9291AD5B-08A4-6C36-C815-8E1A947D8687,9F82631A-C857-DA75-6455-EA412EDCDDC2,Shelly,Melton,Ap #316-7882 At Ave,398798,Picardie,-42.98537052,20.3433003
B672AA53-F708-97CC-32C6-CDD64ADAFE56,E629AD0E-4E0B-2DA2-6B9E-95A6E951CE35,Alexa,Justice,"P.O. Box 926, 6716 Magna. St.",24074,Khyber Pakhtoonkhwa,60.69282509,10.25053686
979844D3-3F64-2528-8969-9D86D1656B39,939E6216-32C8-2335-2A1B-E332447D6991,Keelie,Montgomery,Ap #913-2512 Scelerisque St.,86298,Zuid Holland,-71.39716874,53.14342564
80F8B462-A1E7-CA5D-78A8-ED2DFD829603,A87692D3-92CE-699A-986D-A271F22C4A55,Lenore,Aguirre,969-5473 Curabitur Rd.,046661,Lima,57.89363169,89.61785866
132DC74A-6FDD-8564-D196-A0E98052191C,F76645F6-56B0-48D8-2B88-38C1099C99E7,Reese,Garza,"P.O. Box 567, 5449 Mauris St.",67551-501,Languedoc-Roussillon,25.91275407,-30.69134787
3B18F3CD-F445-EC98-7156-C8A3FAC137B9,CCDD6DB5-4979-FEE1-A033-467D49044F94,Tasha,Howard,"P.O. Box 794, 5479 In Rd.",86132,Limón,24.9863894,-179.0395264
BAFD262A-1637-5261-F9E4-ED3D9958E69C,A6E41EE2-A6AA-ED29-1C38-054EBB15F13E,Isaac,Scott,805-8513 Magnis Av.,75-37,Oslo,-49.05814743,48.25325865
3DE2B175-EF74-6D65-451B-54582E614916,D8DD2AE4-6A84-5FF5-97E3-360A6C45A468,Winter,England,Ap #907-9717 Donec Rd.,677332,Tolima,-84.16334203,149.1177325
B31D5ABD-D57E-9E09-D3C9-0D1B2743392C,19957929-C4EB-E3A7-17AC-1578A2814439,Macon,Ellison,"672 Montes, Ave",63871,Van,74.36070932,175.5082406
4B4E8001-DA17-D12C-A3A0-A75BDD3393CA,C8E72331-72EA-A8C5-7A6E-479C7A30C4BF,Bradley,Cain,743-5766 Felis. St.,94828,Junín,61.39471944,87.47585434
4160EE17-943A-98D4-4875-556693FB219E,7E7B6BC6-CE35-36BF-0EA5-C9A9729A75D6,Maxine,Clark,886-7330 Eu Rd.,24624,Niger,-66.75381801,178.8365383
399844E7-A009-0B71-D64E-41DE39F52252,4D32A1EF-F497-6475-83E1-1A8BB6ACA2DA,Lani,Shepard,456-7928 In Rd.,47213-94983,Lower Austria,-40.40535286,147.2817402
16696545-F485-C3E2-27D2-7856B7A3E7EB,5CD29F5A-D92C-9A3F-3267-A82D82997A43,Griffith,Barrera,838-7865 Volutpat. St.,1618,Luxemburg,54.39359693,-4.297512755
3CD59AAD-4B74-BA91-27E9-E2E9B1E31636,6B157EC7-7D4A-C505-A93B-FAC1592701C9,Yvonne,Phillips,525-6530 Tellus Av.,837378,Midlothian,-26.91094948,14.43808655
82C384A4-DC8A-E377-C688-81BC55A1767C,8D8EB619-1134-3C77-3CF8-D66A45D7D1D9,Donna,Orr,"P.O. Box 386, 2374 Duis St.",D1 6GD,Western Cape,-16.16105359,-120.115447
CBBD7579-9AA6-5ECD-BC8D-64016BFC297B,16DA0223-90EC-3493-A668-ED7C5A35DE0B,Alfreda,Baxter,3039 Erat. Rd.,372366,Zhytomyr oblast,-57.21121065,-76.98179082
C4A73C59-3940-64FC-8079-BC54BD4A439E,EB7A8DE1-6774-8A3D-FCAF-4EADB5238338,Ramona,Owen,"P.O. Box 709, 4557 Phasellus Avenue",33-217,Schleswig-Holstein,-44.25237105,-142.2863626
8BE9C851-8A69-CAF9-7C22-2188764ACFDE,E8153A15-DA57-7F56-624E-562E91A9195C,Ciara,Higgins,8301 Blandit Rd.,14413,Caraga,-79.45282836,-42.04833475
62471D51-03D7-0ED8-606E-D57D4AECEA11,1093A5B4-55F3-E018-D7D5-1BCBD6373872,Wyoming,Stephenson,5994 Blandit St.,1673,Queensland,-50.7688535,-169.7617921
5C9D5D99-E6AB-8A51-D13E-1C7AB0254A62,351C9916-9887-A1BE-F9C8-1E49692762CC,Ariel,Pacheco,409-7391 Purus. Rd.,483484,Ceará,45.0875691,-109.6028708
E20A8AAB-533F-3CB9-499D-E66A797489CB,B95B9587-656E-86E0-9A32-B233D1E7DC37,Nigel,Larson,165 Ridiculus St.,06112,Limón,-13.54041221,-93.68246456
20D1E695-DCFC-AD79-EA89-1E54460C2DB5,C9331C26-758A-E11E-3E86-692B5819925C,Ignatius,Lancaster,Ap #423-3289 Aenean Avenue,58691,Benue,42.56410214,34.50594755
B7B2AA5D-7B8A-4112-B7B3-34A0E1E774E4,52C12291-6F8A-3BE4-5593-1968C8EEA266,Remedios,Rose,"P.O. Box 317, 9799 Nec Ave",4221-0631,Troms og Finnmark,78.57809756,-100.0178545
26E4EC98-D406-8AB3-86C3-9759E10D1D21,4547D3B8-B142-4DE8-B94E-FFDE08C0152B,Jolene,Patterson,148-4166 Commodo Road,7017 SG,Puno,-78.64831027,142.9331853
37D6DC34-E36C-7DC0-30BB-E39738228B99,922D1198-652B-0888-AC64-99DE2A6E8D9E,Cecilia,Lopez,Ap #636-1905 Et Avenue,36-37,Chernihiv oblast,72.12050934,32.26001152
93D872D3-EA64-515D-551D-B5398E7569DF,DC8A19A1-4346-B5E4-313B-C915FEC582A1,Jonas,Bauer,105-2909 Ut St.,473660,Puno,6.376112333,-91.72880108
BF915890-CEFB-ED6A-E199-04FDFA7534AA,962D6B51-C265-1564-0334-20C3EED608AD,Linus,Cardenas,8590 Mauris St.,39247,Niger,-29.36937052,-139.7741071
AD6BDEE7-D39E-8AC2-7F3B-2B1BAC416BD5,D9601C39-843E-6424-530F-1B6219C94DFE,Mufutau,Murphy,501-5701 Ligula. St.,21521,Saarland,31.18042092,111.6828808
18D265E9-A095-ED12-A975-227EDD2599EF,D48E586C-C7A9-C4F1-D058-49DAAA97EDA8,Larissa,Jackson,"P.O. Box 875, 930 Nulla Street",301668,New Brunswick,-76.37236326,137.0307697
C825EEDF-441B-6265-4BDE-FD21FE531DB5,3A28FED2-34AE-833A-28BC-1E7262C6AE28,Yolanda,Marks,"P.O. Box 976, 2773 In Rd.",8863,Upper Austria,26.69530163,-127.5728116
34E07DE9-8633-1D19-D7D8-1DAF974456D3,8833A32C-4770-0171-588D-3BB6F5C25378,Cruz,Mcintosh,Ap #376-9117 Elit Rd.,4165,Gauteng,53.88971325,24.72120955
63884C14-ADD7-68B2-5D25-787797354202,277BBCE1-C267-9B6E-274B-A878A2B5C2B6,Eagan,Keith,997-6815 Neque. Av.,366753,South Sumatra,87.21535908,-7.728337818
7D662356-7C27-D32C-8FB5-52A97B1BE129,1B20CA45-DD68-B424-E226-F8454C194482,Arden,Perez,"P.O. Box 745, 5991 Elit. Av.",576431,Munster,-65.67153275,-62.58351831
34BCE629-16E8-D83C-6CB2-BAC1CB2A7B9C,22941B32-8BBD-37CE-84D4-27827D1E22DC,Britanni,Vaughn,Ap #750-3125 Phasellus St.,563667,Quebec,-10.57921894,147.5159655
C64401BA-1F1D-DC37-3C5B-03A642D78433,241879DD-358A-9B51-E35A-AF37BDE38F65,Callum,Castaneda,Ap #833-8157 Proin Rd.,61308,Cusco,-89.93572332,169.8828781
B0186B58-C6A4-58DA-5B38-EB9D244E489C,353C3DD8-4AA5-D695-9C64-C67E129A147D,Keith,Sweet,Ap #537-5973 Integer Rd.,58692-89785,Podlaskie,-4.049969152,-10.18445128
7AD3E577-5557-C57B-0781-EB34857B9A64,EB28DF84-931E-5C4C-0C13-3461D7CE2CE8,Magee,Romero,Ap #425-4310 Duis Street,5987,Ogun,-45.61283041,72.81373368
C4EC2BE4-B433-7893-7B45-91BCA2182B45,6C234BD5-D94F-3683-32D5-E389E626AA44,Shana,Mcpherson,8293 Eu St.,71T 4E3,North Island,-13.34505359,66.29970063
70C85280-CBC7-646B-6DDD-7CA77BD3C462,25761C9B-688D-50A8-CAC6-8971F48CB699,Bert,Fleming,"6817 Est, Avenue",255817,Maluku,38.75058913,-170.8645988
4CB9D4D2-EA78-38CD-A4B3-B88844C985DB,9B441116-5C23-E33B-E42C-AB3671A5F991,Linus,Burke,610-9804 Nam Av.,27948,Ceuta,-87.88065075,96.00692101
A8E244D8-C8C8-74BE-EB99-913EA699581D,76755199-E912-5565-51C6-72D0EC87DA8E,Stephen,Roth,131-833 Fermentum St.,65687-415,Madrid,80.01913477,30.53376184
DDA0F4B9-CBDD-98A0-48A4-80CEB026B3BA,C8A39BD8-4D5B-1796-44BD-038591B36DEB,Janna,Simon,Ap #662-124 Pellentesque Av.,753176,Paraná,63.21332828,84.31720919
8B7F295B-0418-E491-A63D-43D74A516CB2,51FA67A1-14F1-D170-487D-B292FEC77BD4,Fredericka,Holder,2537 Commodo St.,761811,Loreto,-87.92711793,140.0259601
DC3A1F22-72C1-0212-E545-9D3555CD15D7,087D7B2A-9ADB-A087-3F9E-FACD2F218DE6,Bruno,Foley,819-4882 Turpis. Avenue,388276,Caraga,33.02194596,116.0098111
73D9113C-D4B8-79AD-FF2E-829D57B6C445,89E6FC22-5256-B4D9-6CB5-CA7CDD5B1E33,Ella,Campos,180-5438 Adipiscing. Avenue,5848,Quảng Bình,50.87688028,3.326569882
B75069A5-5DFA-6D75-D082-6C45455AE8A7,A421BBBC-F66D-CD52-3F42-2E841B8A3A9C,Steel,Harris,Ap #622-9722 Sit Street,40126,South Gyeongsang,-42.74353562,-151.874242
9C61745D-7E28-FCE2-0112-C8517277492C,5800DA7F-67BD-AE88-74E6-D6C11CB15F2F,Montana,Dunn,Ap #146-7839 Ante. Av.,466801,Valle d'Aosta,33.24033403,-70.9093929
14ABAC19-EB0E-6C6F-EBAB-CC55B20C110C,83D17853-B9B9-0843-2E9E-DA885EB14A79,Prescott,Erickson,4798 Tincidunt Road,58817-269,Trøndelag,3.139873178,105.0087963
47565737-1F25-8B8E-0207-3742BA8D1D54,12F1CE25-10DE-26FC-B3D3-E13D65475399,Jonah,Washington,5407 Suspendisse Road,24105,Oaxaca,82.93259602,124.9142157
8EF8449F-9CBF-D63C-9182-DEB15539EE93,63A295E2-23F7-0BCB-E5B9-EAE79E6E8AB8,Conan,House,"P.O. Box 465, 8981 Gravida St.",5974,Virginia,84.77380178,158.3433714
E7E374C5-A887-5A07-B3DA-8EAA16EE13A8,1A3ED102-1634-95CA-4E11-8C4E7CD71B2F,Jennifer,Drake,Ap #418-7872 Eleifend Road,565155,Salzburg,-4.652176589,-5.705454285
AB8814E4-0EAE-7CAE-95CE-24B1495CCF21,4A6B746C-383A-E536-DC19-D36DB7ABBC22,Cameran,Mccarthy,"561-4008 Eleifend, Road",718293,Lubelskie,-57.70606438,-161.3848459
70BF56D6-46EE-9DA2-11D2-09F8D3F78D27,C9DBED7D-A495-AB18-1A18-D075715B7488,Courtney,Sparks,9083 Velit St.,628589,Davao Region,-26.36256707,121.8705361
4E81EC37-B5AD-4CA4-5581-33D8238E23D9,90A91B5D-98B0-D24A-B17E-72A6292C85E4,Emery,Hughes,614-9789 Dapibus Street,B3L 9G5,Yukon,58.25482895,-73.30230231
25544E26-5AD4-8512-4A57-4AA33FB91C18,97329A92-EBDA-1C55-4639-3661C8D4D355,Carl,Mcgee,"P.O. Box 718, 3014 In Rd.",9268 TB,Innlandet,-39.59914977,21.71028582
995D4927-C8DC-7D68-DE39-06C13D1849DA,585AA2D7-D7A6-AC8B-52FB-4923FEAC1210,Alexis,Mcintosh,984-9776 Gravida St.,81-194,North Island,29.17903954,157.6597375
B181D15F-D447-9BCA-C82C-C9C76AE6A159,8936B089-48C2-CA7A-BD17-1D5544161917,Miranda,Middleton,100-2905 Duis Road,327361,West Region,-75.66822625,-76.30873436
2B17D9F7-DC15-5E5E-CB1B-367D7487E7BD,C8C1CB23-36F7-5522-FD2B-95D640B6D79A,Lucian,Randall,"183-198 Facilisis, St.",277664,Rheinland-Pfalz,-40.25986273,112.7871113
35F16360-A114-9CFB-F841-CED8B64688A2,79B222D6-86A9-CC73-AB78-3EEE3188E8A8,Aurora,Green,904-1696 At Road,326284,North Gyeongsang,-89.75540357,-176.4372089
66FF3CDA-28C7-D1E6-1B76-DF5E11A20510,E1B3153C-5A69-FA7C-A574-48D7B821134C,Nadine,Sears,"Ap #743-4500 Tempor, Road",5615,Tennessee,82.81902981,146.2940612
B7F641E2-C886-996C-D57C-2A115D2DCF36,E27FE519-BA19-48CC-76BD-ADDDBDB4D3F9,Karen,Cochran,391-5212 Ut Rd.,522428,Jigawa,-5.866435789,128.5237512
DA98A8B6-564C-C289-3648-94591371C41C,55B9F021-DC48-868D-6877-A6D5B26D6ABB,Martena,Whitfield,315-5112 Aliquam Rd.,2576 JB,Queensland,-69.24321485,101.1315449
9F89B801-182A-4BD2-EF5C-5512C6439D23,3379A434-C424-8E41-AD3A-74668214A5BA,Kasimir,Griffin,483-1635 A Ave,549946,Central Region,77.23485676,128.4346796
CFFF9609-E49C-AEB2-019C-15B1FC31E9CA,CB4EDB31-A875-5D37-B4C5-D3E82E7DF397,Shaine,Dominguez,Ap #865-5951 Malesuada Rd.,663035,Salzburg,-44.47751127,-17.18167593
1664C10F-CD18-BA84-8251-955ECCD5D24C,831E13AB-B54F-A5B5-417F-D7AB17C76BCE,Wylie,Clayton,737-2484 Sem Rd.,20508,Rogaland,-11.70700861,154.1436865
87C3A3C1-47FC-002E-8655-E4C15D4D8886,C21264F0-BA8A-74A3-CC28-1AE6CB96038A,Summer,Bryan,559-208 Magna St.,225238,Vologda Oblast,50.46838876,118.0966205
86C38DC9-C362-12B7-18DF-C4A4E3ECABA2,62D59BC0-A6A2-C637-8B84-11A9DFBCBAF2,Jescie,Curry,852-3776 Molestie. St.,8559,Oryol Oblast,-57.27551037,-114.8050607
71A257A8-2EF4-0ED6-4CE9-9D10B997337D,0BEC2905-8DB7-6D9D-D551-3A27DD605735,Amal,Nieves,227-3267 Vitae St.,3611,Tabasco,46.84260741,-39.24068782
F86DD752-6911-37D5-4A12-42FBD80CD41B,2D08263C-C230-1DCE-6E5A-C7B041CEC280,Emerald,Meyers,503-489 Netus Av.,08161,Extremadura,-70.51258573,-92.84316508
03E0C974-6B7E-DAA6-44B3-AA669EA2E16F,3B3DB52F-62DE-7E5C-91A4-55701D9F6311,Tyrone,Burris,9507 Bibendum Avenue,65232,Lubelskie,-41.82574694,-5.550960026
C69A1AF2-541A-6134-D24A-410C0E4F199D,B8B999E1-581C-15B3-7A8D-C897D69E29B5,Anika,Pickett,"P.O. Box 832, 9735 Donec St.",494786,Karnataka,-42.23068652,153.2892727
1A65A60F-0ACB-2C44-C7E3-78E9AC7DAD58,9493CCAC-BD57-9487-862D-C919BCA6772A,Yen,Mckay,Ap #208-4813 Velit Rd.,30316,Lima,-36.85489859,-75.16664207
EEE54EE7-A983-ED17-B704-DDA8393C4214,35CD388D-1B4C-7DB3-6D11-D879BB235DD9,Tad,Carey,6266 At Av.,3958663,Kano,36.93011958,27.98842972
4B8251BC-AE0A-1985-7695-DDB7A0B56174,0381469D-E70E-9AF5-5A54-C6C33BB2F47E,Guy,Figueroa,791-7845 Molestie. St.,453146,South Gyeongsang,12.45616568,64.04846602
BD3EA973-DF52-840A-66EF-92DBB54ACCF8,F317C59C-EE56-2188-0451-9E7C73BA9A9E,Stewart,Holland,Ap #223-835 Rutrum Road,11294,Castilla y León,70.42595686,13.33572936
6B75939B-4569-DB4A-2814-FBDD384A5854,AA361F92-81E6-E895-DC0B-F0E6A70AEC67,Silas,Salazar,Ap #168-4227 Tincidunt. Rd.,71-429,Xīběi,21.2516864,-142.772607
B8CFA3E4-77D1-D2E4-14E8-FE22A9C38857,9C645D2B-D5CE-CB4A-4F8E-6E47B2AA8AC4,Kevyn,Lamb,"P.O. Box 116, 275 Nullam Rd.",142190,Paraíba,-68.67088415,144.3102434
266ED6D7-EF65-6286-6D5D-37D6C47A85CB,E7BC40ED-5A7B-BA7D-72A2-61DA1B9147BA,Yolanda,Rich,Ap #246-4236 Ut Ave,16641,Bremen,35.48850319,3.863599002
D2A1C7D1-8A74-7B75-30D8-21A3741792A0,5F8B08BE-4B0E-36EC-8526-3A22B165A212,Daniel,Sharpe,"P.O. Box 282, 2963 Vulputate, St.",40612,West Region,34.63137352,22.07249674
8E29C7ED-1D0C-5397-C529-A6E4646DD3BD,435A5ACD-0E56-ADB4-6564-69EFB6DBB6D8,Kadeem,Nolan,"P.O. Box 393, 8381 Lobortis St.",8222-4655,Wielkopolskie,67.98663404,127.1050752
E2149940-CB9A-6BBD-DE66-393A9C4AC9A7,EAD9EBE2-EDC6-9531-1C19-5093D99D3AEF,Brooke,Moody,Ap #405-8608 Interdum Road,283566,Cauca,-55.60326595,138.527192
DC4C742B-849E-ED3A-863E-712E92943884,9CFD6229-7B36-25EB-E226-04F69DAF15BC,Hall,Barlow,Ap #779-1233 Nisi. Road,747626,Luxemburg,32.99883008,-88.26922895
52465BA1-EA35-26EE-8A86-C331BD34DFC5,75F90AE7-33D8-D30B-F5A5-11457E668BA3,Garrison,Benjamin,"Ap #106-5098 Amet, Av.",690427,Toscana,-65.49902295,90.69354455
979EE9E8-2699-D186-8546-C06B4A9CA1A3,B548C894-8446-1E52-83DF-290C3B9400E2,Hollee,Robinson,"269-6585 Ornare, Avenue",523836,Uttar Pradesh,57.85971825,119.0423168
38153B2A-298C-2BCD-9E44-CD6EE9F7C898,C176C1BE-2005-2E10-5C29-96EE35B43339,Finn,Britt,342 Adipiscing Rd.,18789,Champagne-Ardenne,-8.387260416,32.4480258
A2988FC1-132A-3616-1866-D8518E9947BB,126D3547-8FE5-CC2D-70DA-838AB6BA9F35,Camden,Miranda,Ap #144-5784 Velit Rd.,676257,West-Vlaanderen,74.31246346,49.16914299
0EC988F6-1A99-0695-AB88-73A336C65C0E,8407ED37-FAB0-4795-6C27-D13B3D7CDA1F,Zachery,Lambert,313-6772 Aenean Street,811333,Stockholms län,6.600212685,150.2686026
55128DB8-ADB5-E3C9-664B-541431E078D2,31084783-88C9-3300-416A-0B22158161EB,Rafael,Ingram,"206-8236 Mi, Av.",23137,Antofagasta,6.657960243,23.66682685
62474BD2-8D9E-8C7D-11F6-2E51E78E2A37,EF6EC695-3CAC-7175-E9AC-314EEA43C325,Aline,Beach,5647 Neque. Rd.,36537,Ninh Bình,38.33557524,-114.8318558
DD568B74-5C4D-3A74-C771-0B5F8DC382FA,A56A1E78-84AD-220C-7455-4728A3CAC3EB,Caleb,Hess,"P.O. Box 366, 4504 Mollis St.",278328,Jigawa,-36.58636769,157.0379
BA115D2B-745A-1989-2C54-D9D98E57B6A1,E0A56ACA-4748-214F-1AE8-5B911BE6471F,Tarik,Dorsey,Ap #540-8929 Nec St.,12599,Munster,-32.1561899,67.90404301
2B5A0DBB-89ED-B7F3-8BC3-212BC2053569,12FC5A43-AE18-1258-5E11-B34AB8EE5A35,Gemma,Bryant,Ap #701-8319 Tristique Rd.,6817,Southwestern Tagalog Region,-36.55310623,88.88398971
40EE0E9E-7AB1-0922-2BD2-00C85381178B,9296A71D-A975-3743-8FA3-68739A61A913,Catherine,Gaines,Ap #173-9347 Tincidunt Rd.,71686-68598,Luik,-59.84526684,-3.855949926
1EDE0815-1881-EE9C-6697-C523EAED565B,FC933C2A-AF5E-2E02-2809-C85961E27012,Slade,Hutchinson,"610-5351 At, Ave",8188,Zeeland,72.41316864,-91.13486316
46A8FD02-7C92-D368-5BDA-40677BD9937D,2E9F0C0E-5823-1F41-CF62-4301A43A6991,Wynne,Coffey,783-1423 Risus. St.,HQ1 1LN,Quảng Nam,16.75420549,-125.3578204
E2D7850F-A816-EE44-67BB-B9C87FAD10E9,9A5DE528-2666-6842-5341-2AAF8DE9D6BE,Marvin,Aguilar,"Ap #463-3872 Vitae, St.",DX1 0PG,Nova Scotia,-45.68112241,-120.7304834
361841D2-8535-36B7-ACD6-17DE092DB48E,D698E28A-2285-49CC-8F87-C8692B8C3D39,Signe,Willis,Ap #798-438 Hendrerit Avenue,0151,North Region,-28.07268577,9.56900864
AFB2A94D-2F67-2425-1640-6E54B628AE89,D1EE023B-DE4B-65B2-4F29-993249CB9298,Aimee,Olson,160-7990 Tellus Road,41963,North Gyeongsang,-51.36934533,-88.98039255
9116C711-673C-533C-07EB-454DE812F902,A899EA99-D537-2E96-D988-7ED1DD2011F0,Uriah,Pennington,6342 Lacus St.,81583,Ulster,-82.05799332,-50.5827371
7AC398CF-5391-B972-70A5-8C0AADF27ADB,B8ECEF13-9082-B33A-D84A-72F9AE3255C0,Regan,Anthony,Ap #878-7080 Eu Ave,34073,New Brunswick,86.27690025,101.2862651
49BFFF74-3A66-EB82-5557-D87243D2FC6C,2E99512E-1CCA-EB13-7778-62D048EE1641,Dora,Payne,132-2475 Cursus. St.,3422,Pondicherry,56.69792369,-135.9935427
D21C94DD-D64C-EC92-11E9-374CBDF12A5E,218D3764-AD68-8BFF-BB4B-134D2313BA1C,Kiayada,Pruitt,"Ap #176-2948 Ornare, Avenue",7546,North-East Region,8.882019533,71.53001882
BC50DCF9-AB7E-A891-5642-72F2C6649064,7BC71726-1974-73B4-5360-C1C993351676,Sopoline,O'connor,676-5801 Nunc Street,6383,Nordland,-30.47979858,135.7319318
14CE7722-67A4-CFD1-1A36-44AA9D1645ED,0CF31339-9F5D-6601-9B05-BBB05C8AF4AA,Kermit,Holland,Ap #560-9015 Tempus Road,283296,Murmansk Oblast,-70.07239035,174.986598
C22C1593-E119-B446-15C2-2909F6A9D3FC,72AA4948-C428-A1BD-EA25-A3D2347DAC8C,Paki,Fulton,"P.O. Box 887, 4075 Ullamcorper Avenue",57862,Zhōngnán,74.69225871,91.38084905
F4153F1D-9E6E-ED12-9883-BEF71D846349,4B4C3911-CED9-7CC5-7750-CA14E754013A,Stuart,House,"P.O. Box 448, 5834 Per Street",73964,Central Luzon,-43.9048406,128.175191
AFE5D116-E580-5A39-AD29-E2052682C847,F92E579D-2DC7-C1C9-1BC4-BCBF9A70882A,Duncan,Nelson,"Ap #559-6743 Elementum, St.",27111,Antalya,41.11965952,2.710019891
691B178C-DB8A-181A-A445-D96F8A2366BC,58A83086-3319-AED7-C8DB-19812A910C33,Joshua,Holder,Ap #105-9827 Massa. St.,20418,Tambov Oblast,45.25575762,-107.4788934
C95DF7E4-A542-8A80-66EC-35ED3324E236,57874DF4-68AA-7484-5C10-580DA24DB4B3,Camden,Puckett,472-763 Vitae Av.,62927-75177,Lancashire,65.59603395,145.6808216
4A1B2B66-FC1A-75B8-1520-D3371CDDAA82,5A5C7A23-564E-7573-816E-AA25334597D2,Holly,Webster,"P.O. Box 141, 3186 Ante. St.",554737,Gangwon,51.40937288,-82.73274317
74AD7E53-2E2E-1D55-9F7D-E0E943979C55,7DDE6934-7271-E246-AABC-1E89982BA3CB,Meghan,Chan,810-9388 Eget Road,78316,Limburg,-61.79925422,-105.1813607
E76AE491-8375-2567-4BC1-0461AB2E9074,774C6EF7-24D5-E419-B8CC-A22C607D0985,Dahlia,Reese,Ap #594-7716 Diam. St.,27G 2C9,Xīběi,-79.80145418,-24.87186862
14968DA6-0DEB-B47B-E768-98C6BEF5EA74,DBBE1A8B-39EC-E8CB-09DF-8175C6B2DE6A,Emi,Mcintyre,467-9332 Parturient Ave,2736,Kyiv oblast,9.696895078,58.33207368
E6B613DE-B8CA-55A5-98C2-A2EF29DB5EAC,96E8D439-8D23-34A4-84EC-9334AE42AD89,Wendy,Velazquez,Ap #336-7304 Diam Rd.,8804,Dōngběi,-83.67684065,27.57206661
8E3CC348-C314-8BE2-B27A-1516D57A7B10,129C6F61-D219-B071-5AA8-CC845374D161,Montana,Deleon,964-9157 Vel Ave,KO2 4HN,Niedersachsen,-71.15530138,-139.0529421
EF51856B-1619-18C9-A644-8AD911584CD4,5A09B090-DA59-CE2A-207F-74CD4AE57C8B,Ashton,Mcmahon,Ap #206-2094 Facilisis Avenue,464142,North Island,26.27117855,-121.4238278
4FADA33F-C58C-EA80-8F23-9BFE74D74DD5,665A27C6-EC16-2F27-AED8-3195C5C1AB77,Thaddeus,Stewart,8565 Sit St.,20912,Noord Brabant,-60.41783562,125.7336918
7DE1E58B-E83F-F785-5224-7BED6063C998,06704746-2BFB-C517-2430-4D256A533BDA,Magee,Roth,"P.O. Box 464, 7833 Pellentesque Street",545274,Northern Cape,-7.007492608,170.8828122
CADE3E1A-45E2-E49C-5993-28233BF36893,D610B59C-FE5F-349A-5AE5-2EBC75457073,Karleigh,Garrison,"Ap #393-4202 Adipiscing, Av.",9823,Flevoland,-31.98860708,-5.167340134
7367ED73-7EE3-82FC-57AB-55A218C0871C,419E374D-E19A-8D80-50BC-432D2670DAE6,Colby,Mcdaniel,"P.O. Box 605, 5566 Lectus St.",66120,Tabasco,-41.05106985,-171.5923069
65B958E5-0699-42B1-3816-8919729C10C5,6D9B1D1E-2754-79A1-1F16-2FC6677C7A9E,Maggy,Short,8306 Suspendisse Road,1598,Utrecht,-47.16776294,84.98459894
851E93D2-B794-2D3E-CE81-A11D34A6CBF7,3D9504C6-1985-6C4D-CD85-20F6588E16CB,Darryl,Mccray,"P.O. Box 441, 2859 Aliquet Rd.",85647,Tamil Nadu,7.913442099,177.0908931
7C63334A-9E75-74C2-9CC8-CE89EF6BE279,0B63FDE8-6292-6877-ADCE-98A0238F1D74,Kennedy,Bradley,472-7148 Dictum. Rd.,61056,Caraga,-33.71524874,-33.60266936
26D8D16A-11B4-0622-B64A-E87B94981C5F,84AF2ADA-861C-9AEB-D15C-98E9D16923CC,Britanni,Sheppard,"P.O. Box 280, 5379 Quisque St.",653754,Van,20.92340439,-122.0353577
58E47266-8B91-2D80-3D2A-B47A696476FD,AEC21223-9D1B-8490-E058-36BDABA3691A,Macaulay,Erickson,Ap #375-6440 Urna. Rd.,05879,Azad Kashmir,64.1373354,44.27736781
B9E85B3A-11FF-71E3-2A43-6D271A71A271,8DB487A3-2439-30E7-6538-B53C72857883,Jana,Shelton,Ap #477-2370 Cras Road,7474,Sverdlovsk Oblast,-81.36289567,133.814242
296BD734-B585-1AA0-958A-3201CBD8251A,1C9EE674-5C3D-78C3-2734-FC1904486EEA,Benedict,Kim,788-7734 Sed Rd.,6465,Sląskie,10.27972065,100.7183329
BB469821-26D4-6BCE-C665-EE57EBD15928,6567B2AC-792E-C6B1-2481-CD7A459AB946,Derek,Blackwell,Ap #858-8793 Sit St.,7411,South Island,83.53502966,157.5122236
D5C42719-CE74-0953-969B-CB3DB90DD814,30F242D8-AADC-7D16-7E22-CE2F36D34BEC,Devin,Acosta,861-6647 Molestie. St.,6374,Burgenland,-13.13729956,7.879434957
9A21E9E1-56C6-07AB-01C9-4B3E74711E92,A8EA782B-1E17-4778-611D-06B9E51487E8,Theodore,Stevens,8374 Turpis. Avenue,48148,Nghệ An,9.776882074,-124.0807048
A844D284-74C2-56DE-8D72-E4C51AD48C8D,689B3272-7726-64C8-65D1-BC8E6B65A8EC,Ezra,Mills,Ap #249-5147 Lobortis Av.,6676,Heredia,55.65476485,59.52156969
BEFCDEF9-16CC-F665-88AB-E5EBB68FA241,C14ECF53-055B-8824-27E1-0FF9667AD649,Fulton,Huff,"Ap #535-5216 Non, Street",52264,Mississippi,72.21037896,145.2433424
96A3D880-5989-C49B-229C-A2D399B8E4F6,9E66B321-F2B1-2657-87E0-7124489BA8BC,Carlos,Mcdaniel,980-355 Proin St.,9498,Tyrol,-55.37606973,-0.493704192
4992E2F0-5109-9FBC-C612-3CCEEC91ABD8,864021E9-23B5-BD45-6861-474999750186,Demetrius,Colon,343-2786 Netus St.,622365,West Region,-51.90598124,-29.20272681
819B7F0A-B738-9D34-52CC-A5C2E7C37218,5A48446C-CABC-64D8-155C-C55667C75447,Ifeoma,Kane,Ap #533-3469 Sociis Avenue,786568,Bengkulu,-62.50325699,-178.503396
D5C43183-5504-663D-7AEE-B377FE889AD6,583E212E-32CF-CFD4-6F61-CBFF94948E49,Myles,Waller,428-7451 Convallis Ave,9474 EO,Soccsksargen,39.65674619,129.2018702
B6486642-AC84-5C30-2182-982B971A676A,9D537B00-F736-A327-5545-C810506B473B,Britanney,Charles,Ap #381-3973 Euismod Rd.,758814,Umbria,-74.23633705,-82.09307884
811F5BCD-C643-21D2-9A72-4536BCB16562,81D812EA-1B39-56C3-E152-2B7CDDE4FE53,Jelani,Sargent,"P.O. Box 851, 1126 Diam Rd.",772054,Western Cape,-47.49762345,163.2491667
89AC34F6-3999-903A-D353-74C711259E1A,704B075B-55E2-2485-494E-F2145E335AF5,Imelda,Barr,Ap #759-9523 Fusce Avenue,46256-37354,Limpopo,-84.69368146,97.08716124
6A157207-1734-A857-C61F-72ABA359FE13,4413974E-9363-328C-CA7A-2519837ECB9E,Barrett,Wolf,7806 Egestas Street,75287,Waals-Brabant,-19.8669226,1.772082995
2D509CDE-0B6D-ABD5-A536-B934DA3D2789,5E1F458B-35B6-318D-3E31-DE3CD3CBA3CC,Maris,Allison,Ap #582-5128 Aenean Rd.,347397,Vorarlberg,56.71535616,105.0873265
AF188182-B258-EEB8-7324-59FF4919C240,22F5E3FD-8C67-B665-2ECB-F260D7FCEB23,Leigh,Rhodes,Ap #375-8970 Tortor St.,21006,Catalunya,69.20138138,149.3737554
E60977E8-13E5-C1BC-61F6-1379F98A484B,C8877A6E-826A-DCB2-F136-347C27667281,Brandon,Valenzuela,9848 Eu St.,74375,Arunachal Pradesh,26.14426163,2.740991488
B8F19CCD-7AE4-EA55-0D42-D382471AD8A0,B934DC31-C4A2-A72E-7733-115D16E5E2DF,Christen,Lopez,"Ap #515-3890 Amet, Rd.",894187,South Island,-85.44460472,128.5457598
8B54620B-B98B-25ED-6AD9-4643590835C2,8AFD47B8-781A-4E4B-7713-B93C3C90C9FB,Stewart,Bennett,Ap #668-868 Morbi Rd.,3268-6861,New South Wales,-67.24952125,-8.356326707
4204C719-C572-9B2B-66B5-90C57552FAD9,9FB092BE-B2AF-0CD5-E6C6-3427E48130CE,Hall,Goff,Ap #234-609 Arcu. Street,88817,Västra Götalands län,-43.58742118,-74.62442035
9D4C2512-91C5-ADA7-66B2-C511A7DFBE8B,8BC5EAC9-5670-F498-27C2-95FD026CF929,Violet,Schwartz,"Ap #693-3939 Placerat, Street",2486,Alsace,89.13543496,77.93968251
143C9E6D-9A86-CA23-244D-D050693AC12E,F04CB89B-4710-966F-4737-968DB51221B2,Ramona,Bartlett,175-8712 Non Street,06197,Basse-Normandie,-38.47538422,130.7980938
64C4E37B-BDCD-C767-2CCE-3ABC6604B841,EA457527-6227-B824-6C40-1499C23D979E,Cecilia,Gates,199-7861 Quisque Ave,234933,Xīběi,35.72614103,-67.52726415
2D61BB1D-4D78-A40C-25A3-D061A9FD5878,925D56DE-0203-49F7-7675-EEC5C996A768,Xandra,Crane,519-9599 Integer Rd.,4640,Connacht,48.81340928,-75.39555512
4A9096ED-4B94-D6E5-E67D-1793621568F3,5775805A-A88E-5A32-BE2B-C31995754A4D,Blythe,Meadows,296-9027 Nunc. Ave,26632,Central Region,-45.72911012,-98.7824683
112E9A8D-372E-E1D1-01B5-472541137AA2,EBBEB0EC-689D-9E4F-8458-82941F98156A,Tallulah,Mcmahon,8075 Aliquam Rd.,5774,La Rioja,87.68239944,-144.9182205
43CA52D7-5CE6-DF36-9DD7-94A8975912C1,39BD5E28-5D64-1655-8851-137CFD551997,Wylie,Workman,"P.O. Box 215, 5161 Arcu. Rd.",358445,Guanacaste,-55.03055268,-82.17680876
213B994B-918E-5291-4EAE-A68E57B95DA1,28C194B9-EFD5-5DAA-E9CE-176AC38365E7,Kylan,Dalton,"P.O. Box 701, 6990 Vitae, Rd.",11249,Kocaeli,32.63741809,171.0317674
6DD6F5DC-DA4F-5D1B-EFBB-AA1175FAE341,D266832A-B981-8145-7340-D26A946D9C54,Dillon,Richard,3513 Nisi. St.,0603-1662,Molise,-28.03254477,-81.98921236
DDB61B77-6933-5D53-4599-1AC81E86694D,2CBE1434-A18F-AB03-D74E-3554C75271B3,Constance,Gomez,"681-9041 Scelerisque, Ave",25366,Nunavut,-65.29167964,-0.309008589
13A88093-9D87-ABFC-6FE5-939B05B89C99,E8A83B50-A614-0F1B-74A3-22C2700C8C9A,Colin,Mccormick,738 Ad Ave,722354,Atlántico,-57.06782003,-90.0177366
2F89D0C5-43E3-5BFD-C35A-6C9559650A26,54141A28-DEF9-074C-6B66-B8AEA3CBDC73,Heather,Valencia,290-4386 Vivamus St.,845693,Murcia,44.39566623,-79.92378419
08DDE67A-C428-AB26-6250-BC3B1EEDC1EC,72455E82-0646-C442-9DB4-79557CB5CF18,Ralph,Kline,1236 Ut Av.,89347,Ogun,1.782944973,-14.47931197
DE29B5DB-C88F-DB15-7081-28BDB52A8913,8099ABB8-2315-3BD8-D83F-A68B22823D97,Jaime,Horn,252-2463 Felis St.,33521,Limón,33.41850081,8.367766528
BD2614AC-9174-93B2-BA4D-1084BA730872,44BEBF19-6566-D1A3-B4D3-D610C2AB5396,Dante,Aguilar,"406-1061 Semper, Rd.",5287,Andaman and Nicobar Islands,59.84980531,139.7981104
31B35C16-4E5E-279B-2929-677634363A56,14D0733C-833D-8E96-C728-B926166F817B,Odysseus,Hoffman,Ap #275-1064 Nisi Ave,246388,Kogi,28.11561267,117.7036526
99F45D45-5E98-684A-569B-E63C484A55BC,77E495CA-CB92-B339-592C-4B31EE78C3D0,Dai,Garrison,701-6766 Lorem St.,04620,Bayern,26.024128,75.98365204
CEA992FA-CA8F-16DB-9FEE-29EB4B1515E6,02BE30EC-67BC-75E2-9BDF-FC1C86B3A33E,Aurora,Salazar,9683 Hendrerit St.,11148,Jigawa,-35.18585805,-165.6156454
43140742-8279-45E3-0D56-C76E8FB7B253,6A96D3EC-E7E6-F1A3-1141-DD6058842CE3,Travis,Fuller,Ap #362-3614 Tortor Road,3095-1378,Bretagne,84.75985521,-116.0736757
89D17A42-BFA5-3B2C-99FE-27E1B6315137,BF51E587-B543-866B-9F5A-7145CBA5B77E,Jared,Sampson,869-9782 Posuere Rd.,64-268,Western Australia,21.99707853,-48.34627922
ACC8ACCC-73F7-305A-6B11-898132B94C62,E24B75F6-D676-85DF-DAD3-5CD921EF67A7,Rama,Walter,4874 Non Ave,7187,Kurgan Oblast,-78.02855188,-2.621581005
1D734965-41ED-AFD5-B122-830A631B137B,89866835-1B26-D4BA-D9C5-76ACC28FB698,Beverly,Saunders,"2647 Eget, Rd.",125521,Bà Rịa–Vũng Tàu,-1.585924096,-84.43668972
252C0A5A-0ACF-1859-A838-8661B639FD8C,41AD8978-FC42-2A14-53EC-F9B528D94DA3,Macon,Justice,Ap #498-4822 Lacus. Av.,47445,Gaziantep,28.72806062,15.61613763
667FDCEB-2786-FA62-5E64-5D34B6C94945,25E7956B-983B-A621-9A43-0543EEEAC647,Zephr,Booth,Ap #837-4799 In Street,645482,Junín,-66.27851182,161.2739187
B45CBE9E-3C6A-45AA-AA14-BCB746083E9B,B57CC8C6-4389-C28A-19AF-64FA46D11630,Fuller,Pickett,Ap #900-8096 Turpis Ave,R6N 4J1,Castilla - La Mancha,-7.754550374,117.9236737
96424E3F-88A9-B996-8A86-E543E9931A82,85E210B3-64D7-2A95-2556-7615B01B69CC,India,Kim,"P.O. Box 997, 2477 Quam. Ave",267673,Nova Scotia,1.47711529,-18.64746824
AFF7C1FA-12C9-EB5D-EFDB-E1B916684859,30585988-CC7B-B9DB-CC8A-43F1E434D1C0,Marvin,Garcia,"6994 Montes, Av.",75-33,San Andrés y Providencia,-23.08751063,-27.46448804
A00974DA-6578-F775-12A1-71C370A83235,B9EC6621-A69C-72D7-9D33-8BC14D0EB8CD,Ainsley,Rojas,"P.O. Box 437, 8422 Vestibulum, Rd.",51713,National Capital Region,-53.21997302,140.7576925
E4974286-DEEC-4B11-149C-5626D6FD66FD,80B0A07D-ED7C-D8EA-A8BE-C2158D4ECAB6,Finn,Cervantes,"P.O. Box 272, 2382 Rutrum Ave",2381-2643,Huádōng,-45.40609311,19.87006147
10AEB7CA-AE86-AB55-C72D-8AA5AB8A05EF,712315AF-7BA6-8FA9-8C14-F1B1C0EACE63,Shelby,Chang,8756 Libero Rd.,713717,Assam,21.36143165,-149.7622024
E622DAEF-739C-AE25-BDB5-0245CB507F59,D0214A96-43E7-02FA-1CA5-48E4A9DF8CE5,Jin,Herrera,907-7156 Egestas St.,21K 9C9,Karnataka,64.37338255,5.084801843
663276AE-3A74-D266-ED0A-17C91AF3C3A2,4B6285BE-4C9A-8791-45EA-B2E4220C7628,Aidan,Knox,"626-2158 Dolor, Rd.",4830,Osun,20.33090826,30.52526602
56EFE533-DFD5-9D28-8095-ACAC6BB8388A,E762FAB1-8E87-E119-E68A-63AB9F75F1A2,Brody,Ward,Ap #460-1831 Nam Street,41-395,North Gyeongsang,84.6705791,-128.6243789
2919C3CD-36F4-9B30-85CD-1149386E1AD9,AE3BF5BC-4971-E188-FE27-4372498D4213,Indira,Garrett,"Ap #949-9135 Non, St.",25-83,Special Capital Region of Jakarta,-62.79263642,75.49168906
640977F3-06A8-6187-9923-DF6E521BA5AB,C7886561-B34E-FD24-F795-82A74A701F7A,Kiona,Murray,Ap #295-9522 Fringilla. Rd.,739754,Zuid Holland,-4.867181363,126.2859731
96BC7815-5212-43BF-8C61-ECAF594C922B,E9752FFB-C038-56A7-7E66-DF4F0B7464A8,Harrison,Sherman,855-8994 Suspendisse Av.,87200,Flintshire,-17.70267351,-163.1960799
6996E5F8-1050-8F02-7E2F-CDABBD545717,1A44BA13-9245-AF16-F410-9D52988DF31E,Louis,Rosario,"Ap #368-1958 Vitae, Street",2986-8707,Eastern Cape,-85.32933171,-89.60741673
58A65B39-4498-6E2C-F7EF-E73FEEB7293C,3C448342-E8AC-BD7A-E123-901D08494D36,Isaac,Alston,452-1379 Fringilla Rd.,1824,North Region,59.21560402,107.9875189
8DCBC515-80BB-EE1A-870E-DFD3FB402348,E8580CF6-DA23-50DE-2AE4-C76248AA43A1,Tatyana,Patel,Ap #757-6793 In St.,7333,Rio de Janeiro,11.76934574,-62.33217792
69292456-4305-AA4C-8A83-282C01E73890,D06A64AB-4CB1-864D-D757-29128069EAA9,Travis,Kramer,"P.O. Box 199, 8502 Cursus Street",91-58,Santa Catarina,-73.8762327,100.3934076
64330D64-862C-DD9C-8B5A-776E5AEECCE6,D744EAD7-5616-1ECA-D92C-23DAC881A027,Igor,Talley,855-885 Natoque Rd.,38444,North Island,40.4097065,143.296776
4B5236BB-E8E5-8B3F-28E4-8A0D58168D15,962C1184-463D-E4F1-A35D-25BD68351193,May,Morton,3564 Rhoncus. Avenue,5442,Madhya Pradesh,-63.82604319,61.60554824
F3D24194-1639-468A-6198-AFF6C24EB8E9,93BB8D13-5BCE-1E5A-E7E3-98B5B2A3A58F,Kimberly,Bradshaw,458-3564 Hendrerit Avenue,2484,West Kalimantan,36.32484127,72.07795487
5CAB6441-7104-7179-3AA9-C4388B3118D9,AA2901B4-426D-A8B6-CBB2-550E2373AE94,Jakeem,Glenn,932-3223 Auctor St.,59178,Morelos,16.13756672,-29.32754821
55D5F484-1E33-DBF2-C5B4-9A95C596E243,D4B79AD6-4B4D-B6BD-0F96-F153CB56F8B3,Cade,Buchanan,"P.O. Box 963, 4544 Eros St.",13852,Zamboanga Peninsula,37.9956097,-127.7071891
CECB8111-D0F2-C4A2-8929-8538ED2CE764,99639485-DFB3-A574-8127-589E3DE0C445,Barry,Gallagher,Ap #292-1312 Dapibus Ave,34246,Van,34.65653688,129.6981794
A86BFAC7-15E3-0DEF-C96D-84D187B25A85,CF51D595-D33E-19D8-D11B-75C7947C1413,Cooper,Mendoza,646-3850 Laoreet Ave,77877,Luxemburg,-73.86125967,36.12226591
5E77AAC9-AD6A-1B7F-6FC7-3A924DD47A13,A27E404B-223D-97E1-87E8-269ED01EC0E8,Brianna,Sykes,"P.O. Box 598, 8286 Lorem Avenue",B3W 1Y7,North Region,-8.489554739,-170.1084418
8D6AEB0B-4D16-E6BE-A92F-27E1B3E8ED2B,01EB3B52-6EE1-BE8D-4638-2C1E9A8DFD0C,Aidan,Evans,485-5856 Et Road,6113,Marche,-19.73362913,-41.68617636
358A893B-55D2-72C6-E4D8-B219E6E796BC,13166E58-ECC8-EC31-823D-F6350A7925D2,Leila,Sharpe,"P.O. Box 943, 583 Lobortis St.",745508,Central Region,-51.21889546,52.16520468
99D554DA-C31E-2E8C-4C57-10256F463B62,3C2E3CE6-18A8-75A8-395D-975F9F68181A,Indigo,Walter,Ap #861-3016 Sollicitudin Street,739077,North Island,82.80697201,66.12495432
2BB394EB-5829-F772-87D0-EDDD40522947,58AA7B3E-8180-A094-8265-BD9684495CD7,Claudia,Roberts,108 Eu St.,41582,British Columbia,-23.00121733,-62.5075201
D94C12A6-A89C-87F5-6735-6D35712E3AD9,B54FF9CE-430E-47D4-3325-4755CEB3185A,Elliott,Mccall,981-7665 Nec St.,388809,Loreto,-74.30739773,174.9053666
EBB13115-F924-CD3C-96E6-215682D2E0B2,2B73E6AD-3C35-A471-8321-8BD258B2D4CD,Drake,Solomon,324-1214 Nullam Rd.,31246,Navarra,29.88999352,-140.4814401
048C2B31-DD3E-F9EA-A14C-02E7D6236783,0E13B48D-B9D3-8E56-137A-3F38FD80B91C,Ashely,Nieves,811 Donec Rd.,34-34,Limón,45.42196357,160.0616599
8C30FC81-FFA2-75A8-3CB8-4482EC23126E,C194E3F4-BB93-12C6-4ABE-9B5958E62821,Aquila,Woods,"P.O. Box 872, 6660 Erat Avenue",R4 5LQ,South Island,-68.3065559,-114.9763146
7E143A70-E1D7-19BB-1119-BE1376BBC7B6,EBA60A0B-C486-BC84-81CA-DE9016334B6C,Paloma,Dennis,142-221 Mollis Road,834194,South Island,52.13781299,-76.73599468
0D35C7AB-8566-D946-5568-9508320565BA,1A21DEF9-16A1-8D19-F7BF-718BA55ED7B2,Preston,Slater,Ap #886-4707 Congue St.,767655,Cundinamarca,36.16704932,-149.613012
437B66CC-847E-4A83-BF5C-E7F476A82C2B,1448193C-0ABB-56A2-FE82-213CF686AB91,Caleb,Combs,432-6525 A Road,05237,West Region,87.29359483,103.7676659
4224C354-924D-6510-66D4-78FAB5899A38,CE5A5EFB-5808-EA24-49C4-A7D741662CD7,Maxwell,Nieves,832-9965 Sodales St.,642298,Vorarlberg,76.52921027,4.170570752
5697488B-E11E-A296-EC57-8366FACF9C09,A84BA886-C6E3-81B3-3E51-C5B473BEAED2,Mark,Suarez,"P.O. Box 469, 7015 Laoreet Rd.",358733,Zuid Holland,72.73679841,129.9977296
9EA703EC-BA1B-B8DA-4B45-61EEBBBBAC54,002B498B-CE77-51C7-9529-7744C5986938,Barry,Miranda,4842 Integer St.,47475,Ivanovo Oblast,-8.193753498,-69.06081167
DCDB6D6D-739C-98ED-68A2-722DBF41E1DC,AF44CB4D-388B-19AF-85D8-B93BEAD8BB4D,Cameron,Petty,412-6501 Ipsum Road,46295,South Gyeongsang,-76.93909217,-11.55888548
DA9B1B5A-374E-3306-E1A9-2A86F215909F,19249959-AA31-C1B7-EB38-6BD471FCFDCC,Vincent,Morse,863-3528 Dignissim St.,95-519,Tasmania,-37.35961375,-43.17055283
353DCAEB-EA08-3D95-26D2-224D88AA27BD,1C63BE32-C3A2-ED96-D616-4149887DC1AD,Lysandra,Crawford,"P.O. Box 844, 1392 Curabitur Rd.",995533,South Island,-84.46216131,-47.74477373
EDD11DE2-9A3D-8E44-FC32-825DEAC7554D,5C6B313C-8783-33F7-6A6E-4A75B9B6A371,Leslie,Harding,930-6997 Massa Road,614645,Volgograd Oblast,-29.99252419,28.04185969
3C02A40D-EACE-CB3E-228B-DD4922BA5A18,E831B8CA-02B7-E28E-5E9B-C9EEF04B9CBB,Ariel,Nelson,786-6540 Dignissim St.,52248,Haryana,-35.95675986,145.7735892
D651688D-4EA6-89E7-944B-265283B3546B,D79A50A3-EE96-5E6E-4475-2B72CAD2378C,Conan,Stuart,Ap #395-1243 Scelerisque Rd.,7424,West Region,-63.7752747,-23.68156457
E5D7C31D-357A-AAF7-4399-9845BEEF5116,33D2FB9D-9A42-01CB-8EDE-02A4B4E2F9BB,Unity,Flowers,533-4607 Natoque Rd.,307004,Balochistan,-81.82683177,-120.2016424
84BA83F1-ED3B-D589-9E66-A5A42C31C1FC,1E261BD5-E52C-6B6E-F5E6-454EBA27C451,Lee,Malone,"963-9656 Vestibulum, St.",947875,West-Vlaanderen,-21.15300372,-1.760251187
4891DCE7-0946-9377-9F31-750924C7CEEF,EAB708A3-59B4-CCA1-CD4F-EB32621EB767,Abdul,Schultz,428-9256 Diam Road,54-053,Ulster,11.5456896,94.48900168
349EA455-BFB9-5FFC-8A60-F4852DEEAEC4,67F09C7D-59C2-2EEE-2EA1-515E4BA4438C,Dale,Lawrence,3174 Venenatis Av.,58-65,Limousin,5.189015859,-15.6509697
CC96CC6E-9CB1-1479-3DC7-7EC6ED138435,53467358-A1ED-D113-36EA-85C0D7493111,Julian,Vaughan,526-5718 Turpis Rd.,214455,Tyrol,-28.90484183,126.2734141
7AD5E7E4-F3B1-0928-BC14-9AB73449507D,70146349-AF5B-C530-9B8F-7B0251A98FDF,Merrill,Monroe,990-3122 Aliquam Rd.,30110,Jalisco,39.03690967,-23.84484168
B3B57C00-6AE4-EEE3-82F4-FED5D51D5C3C,E1B1576A-A776-9D8B-4BCF-8F70D6FB1FF0,Felix,Reed,Ap #861-3152 Aenean Rd.,5556 UL,Zaporizhzhia oblast,67.99729797,104.29486
7DA9F2A2-D59C-5943-DCA5-D72911CD8398,D836D8DB-C439-67FD-4125-27C0598C8A55,Kimberley,Bass,511-5658 Per Ave,75682,East Java,27.97986683,-91.88137964
5F1916F4-5961-18CA-8A2F-6D6179A86C53,1E97C8CE-D4B7-6B2A-4694-E5BBA266C69A,Elliott,Waters,"P.O. Box 281, 6559 Sapien St.",25373,Guaviare,50.07510927,-103.6767128
39BEDC13-3DD3-2AE5-44D0-FF6C482211A1,31BCD3BF-81C8-D2BA-4AC2-42D00DA6BD0A,Oliver,Reynolds,"P.O. Box 101, 6872 Nulla. St.",6196,North Island,37.24244009,173.7880235
AD17209C-C941-55AC-E9DD-443B94B9AACC,EA3B2BA6-69FD-DF61-2A2A-779D2D514322,Austin,Powers,Ap #458-970 Ultricies Av.,58-725,Junín,48.26305772,-49.02679798
106865E7-C720-228D-757E-9E7FF5941413,5C6B503B-7938-B97A-3581-EE6476787536,Diana,Cochran,589 Ipsum. Street,4483,Murcia,-73.53413233,-29.9880321
C1DF6DC4-1A5A-A340-6AF8-EC54357EBE74,D56FFCCE-8B6D-8E38-D863-49665DDE17D8,Desiree,O'brien,487-6059 Tincidunt Rd.,94195-058,Rogaland,-18.79389194,-178.9941519
015D4B5D-DB81-45A0-E6A7-1484CE09B723,05B8B9EB-E241-C38D-CCFE-830DBCC96677,Felix,Klein,7243 Nec St.,35535,Schleswig-Holstein,-7.152521011,20.03116974
CB98BD21-3C24-FBB9-680E-3A590301F846,D78969F4-75D3-F7E8-9FB5-8864D9F63D31,Indira,Macdonald,"425 Est, Ave",3658,Querétaro,40.24170578,-85.60673925
68CBE365-88A9-98B9-92BE-676D92C83C78,6173DD99-C2B6-0373-48E1-E17C88374CE8,Caleb,Johnston,373-7928 Et Rd.,67742-054,Oxfordshire,-73.01191639,-96.53603031
DBECA9E6-0CEE-7DE1-82CB-F12E41836C3F,43627AFA-B836-3BEB-A688-EF8CCF203444,Emma,Duran,"P.O. Box 833, 169 Eros. Avenue",834162,Bình Dương,-82.03657103,-102.4526922
1EFAE5C3-38AD-B034-AA81-823950618A0D,F18C6732-A49D-0748-9757-3662F1291E19,Igor,Cunningham,6510 Risus. Street,13826,Alberta,-4.836985856,-179.4468962
2D8E6195-1DBC-D258-DE99-251B5B27E32D,7C5DAA74-6B33-BA14-E213-C38F59C4E888,Dylan,Rich,Ap #601-4935 Orci. St.,71140,Upper Austria,-18.93320663,51.87854981
ECBE1370-F872-2416-3F2D-EAE374C69125,DB2D78EF-8195-B918-7FA9-AD2E324991CA,Connor,Dunn,"Ap #782-3701 Est, Rd.",50116,Leinster,66.4302633,-137.8065522
D0664602-ECE2-4D94-B7A8-12544B21AE1C,914C80E2-5AA5-A3EE-AD74-167DAA53184A,Nayda,Abbott,632-1969 Pellentesque Rd.,812172,Navarra,17.59741389,117.1070655
9692E5FB-668B-8A32-AD45-23156AD93CED,190A24B1-2B5C-ED55-D192-FD769C59D5A7,Marcia,Melton,"232-6724 Nec, Ave",51304,Bahia,-13.9652224,178.4783897
3C0D8DE5-7FB4-CD5D-92EB-2FA33A42DA35,8CE3455C-8CAB-8B66-311E-51C22B4F5239,Flynn,Nelson,372-634 Vitae Rd.,54380,KwaZulu-Natal,-68.91470776,167.1896511
597E8398-B417-5967-DDA4-9326A6131C4D,CCEB2B82-6CBD-6EDB-AC40-E77D668C94E8,Wylie,Valenzuela,"P.O. Box 415, 6133 Hendrerit Road",44-578,Bretagne,-80.42334792,125.1667216
E349AD2E-614A-286D-DFF9-9BBBEC696289,47035D0E-5CB9-5B39-C1A2-53CB6333A620,Wynne,Vinson,9345 Imperdiet Avenue,58854,Ulster,-68.1252009,-85.86949202
8B781A26-4737-A89A-909E-279B487CF2A4,45AF1468-087C-07AB-16DE-1E2865A36447,Uriah,Roth,"958-7596 Vitae, Rd.",3133 GI,Luik,25.9760428,-106.617064
57D2AD51-8366-7486-4141-775706E47CE7,BF3065E1-76E8-9618-719E-B631F615D808,Jonah,Roy,"P.O. Box 651, 3981 Nisl Rd.",63A 2Z4,Valle d'Aosta,61.32456028,151.3339708
61B429BA-1266-65AC-A727-6DCD5C6B829E,BBC724CB-69CC-FF9B-ADDA-46D5647602AC,Jolie,Townsend,287-773 Gravida Av.,295714,Stockholms län,42.74038897,-92.01593764
71BC8EAE-CE57-A4DD-75EE-2DD30971EA63,196BCB92-2447-FDCC-E108-5E572B4ABCE6,Keaton,Holland,Ap #409-8865 Cras Street,46730,Troms og Finnmark,-84.20838595,-2.546593485
E228E40D-FD34-DC82-E41C-3E2A186D77C1,17BB6B3F-9AE4-CAB5-96E2-3EC14ABC46D0,Carl,Boyle,Ap #814-5840 Porttitor Rd.,35521,Gangwon,41.71312394,-68.65190789
B0F8472A-5B4E-BC8F-87A8-3BD1E3721325,367A66CB-8983-61AF-1FB0-98CCBE9E1E6A,Vladimir,Watts,Ap #844-3106 Nascetur St.,22766,Munster,-59.44989204,-59.9762476
D32B9166-AC97-BDAC-6808-2B6307AD49C4,41325FF1-6EAC-D5E2-E115-AF962C3CECFA,Candice,Stone,5509 Sed Avenue,6658,An Giang,-19.96509788,-112.5957057
C916A549-FEE4-8DCA-5447-6197CDC1120F,8E738DEA-16BB-4CBE-C6DC-776212B2DD85,Jarrod,Washington,"P.O. Box 816, 2165 Nascetur Av.",256218,Paraíba,54.50837217,94.42595553
9D6F4163-C046-E99C-47CE-D188262C7B8A,BB22ABDB-2C83-3136-58E1-AEE473E99595,Rachel,Reese,583-6248 Sed St.,765222,Cajamarca,-52.59322921,68.74685071
BB3AD390-ADAD-EE05-2643-7FD3D245A833,B82965E8-8A85-918D-BC12-73B003BB6C64,Abdul,Skinner,Ap #491-4896 Duis Rd.,53498,Connacht,20.72505969,-120.251258
D99BB759-13BD-671B-1D4B-7A76E92134E3,AE8D5AC1-1548-63C1-EAA4-769E81ECE31B,Nolan,Herring,"P.O. Box 448, 5092 Arcu. St.",42-281,Tomsk Oblast,69.0864383,-51.85812019
6E6B4C9F-ABAE-C548-DD38-67B2CAE8BC72,18E01428-5D19-E1CA-27EA-35DECFCD2841,Wing,Stokes,Ap #481-5476 Phasellus St.,4187,Gauteng,66.93033994,109.7633706
C005DE11-1BF8-9499-C3A3-EB7015227489,D5010AD8-3EBB-1299-1AC5-D2E097AD725B,Reagan,Randall,Ap #584-4042 Massa. Ave,4411 PC,Melilla,73.05032489,-136.7534108
1400B2C6-735B-D8BE-526C-51DC5A7853DE,B35C131F-9124-1BAB-223E-D5347787AC77,Flynn,Horton,Ap #377-588 Mi Avenue,355135,Calabria,-75.08999444,-32.32164936
61167A58-5A72-6E3D-1B45-38B29D53CF43,A728C2AE-127D-9813-C148-F4E716DF7B44,Jakeem,Hancock,Ap #981-7054 Lacus. Rd.,57218-23098,Lima,37.92274811,-76.49063772
8E7BE431-A82A-DB72-11D3-6B8E95BE6834,CA656429-158C-56B7-65FA-163FE983E8CA,Zeph,Kaufman,2476 Tellus Street,36484,Madhya Pradesh,65.99193661,-33.49938627
E8EEE4A3-ABFB-FD3D-57ED-6A88C474C6B3,95207A67-93E0-4704-37D7-87427A5ABE9C,Kylan,Shepherd,719-7600 Fusce Ave,615252,Pernambuco,-9.100646502,-79.55681321
4ED1CA2B-31A3-27EE-8F77-DE593BC9CD63,245A4264-F241-B69C-9B43-27D18B339B8E,Keefe,Underwood,3542 Fringilla Avenue,418939,Bourgogne,22.90814915,-104.4485249
107EABC7-1C2C-7AEF-E7B7-7B59171871DA,371CADE0-B6E2-BF26-855D-072E28738980,Tasha,Brewer,714-1367 Egestas Av.,85-65,Guanacaste,-9.846312448,-125.4645569
5316773C-0F9E-E281-704A-5115ADD527A2,14E81C1C-A436-8E92-CA34-1273BB63B4FB,Willow,Bowers,Ap #255-6378 Nunc St.,2543,Gangwon,11.27852616,-48.89932063
D4B5B8C1-71D8-17A5-DE68-72C44EB6546B,1D4CEE6C-B4FC-C7C8-1C96-54120CD6D483,Amos,Rowland,"8099 A, Rd.",221866,Australian Capital Territory,-53.00400435,-132.8992874
BC11862B-1233-97A5-D6ED-1EAF4B8DD93A,82CDAED0-0243-8A35-B3C6-1E5AD6C1CEF8,Nero,Miller,290-9969 Justo Rd.,51810,Zamboanga Peninsula,-26.1916119,-42.53060884
CD63A729-812D-53E6-5886-672598568527,72F74133-A3F7-83AD-909A-FBE482327729,Hamilton,Manning,"P.O. Box 228, 1884 Orci Av.",21385,Catalunya,18.16103465,-93.448862
4057C42B-A566-8E64-9FDE-0B8F6503C318,12045818-740A-C202-C116-B511A28BB20E,Ulysses,Wooten,Ap #475-7499 Auctor St.,49297,Kayseri,-74.64957829,11.86771538
20267632-8E45-3D26-850B-15B1D983DA04,A3A7F2AF-1667-2F14-D642-D3779E31BA11,Alexander,Nguyen,"P.O. Box 315, 6168 Ante Av.",151410,Noord Brabant,81.58192056,-98.05318728
DEF81B9D-7611-BE1D-4779-E9E0A1EC0956,B658598F-8AED-E95A-ED97-6BC6640EC92E,Hasad,Galloway,"8330 Vel, Rd.",273285,Overijssel,38.26027356,124.9691039
19D3A992-0189-CD4F-2586-E1483F66C7CB,A91581AF-C9C9-497F-AB95-4427575082D1,Colleen,Morris,4874 Consequat Ave,11919,Valparaíso,-74.19330898,-167.1670674
4EA35512-1449-4AB3-CC24-1135B7B43D63,A0B86464-7EE4-D811-21EF-6AC15A2BC225,Penelope,Malone,297-3219 Molestie St.,14335,Gilgit Baltistan,23.84149862,36.06062541
CAEBADFE-8592-1136-A5E3-B9952BE24496,7B14F30A-32C3-2887-C536-3C775C458B1A,Hollee,Berg,"P.O. Box 690, 1053 Augue Rd.",Y5 4BE,Upper Austria,-29.65325978,-93.53509857
15AE6782-6FCD-1997-4901-99247F9A1628,E5258D44-CBBA-C6DA-599C-63582197228C,Hanna,Goodman,Ap #624-2315 Dictum Ave,OX4L 6RT,Lviv oblast,-5.667046502,-163.1495989
8327C532-6011-A52B-BEC7-71263B96A39D,85DD3E1C-558C-2085-E202-DC39AE190520,Kaitlin,Wilder,"P.O. Box 974, 824 At, Rd.",55046,Oryol Oblast,-75.7801726,124.1066399
7359E8B2-257E-5988-854A-6F7BC69919D2,3528D883-C4C0-6FDA-AC55-80B4EE7971C4,Cora,Morales,197-3151 Metus Street,97321,Smolensk Oblast,39.36034949,158.7274226
E0277277-9A6D-45FC-9935-145F9B835353,E021E08A-EAAB-BA47-56DA-3782C3BC3447,Ayanna,Buckner,578-1200 Sapien St.,25-227,Ceuta,84.99723981,-154.9670553
7A9CE655-9B3C-359B-138C-71C0E23C7A4A,2A73F962-3623-A783-466A-9706C629ED13,Walter,Bond,Ap #261-6991 Amet St.,13470,Moscow City,20.2578772,65.24398203
8B1F5932-9D8A-C757-3336-66A777D52D46,BA1B4049-B2CD-9C67-47A5-C1CCA71EE0C7,Merritt,Guy,113-5291 Mauris Rd.,17604,Munster,14.1459712,179.117066
5A4D6E4C-1A39-3990-A0A3-70CA934EE5A4,EC1B9969-CE59-CEED-B38D-12471E22B43C,Stephen,Burgess,"P.O. Box 760, 1561 Molestie Ave",I7C 2T5,Chernivtsi oblast,-30.07303188,-0.748332134
85112C2E-7121-5914-A247-7D21FA673BF5,96C9B989-7095-4E2C-8F34-7AE4DD8CB393,Thomas,Snyder,"Ap #752-5224 Montes, Road",6720 GW,Leicestershire,-83.22970276,-132.7350934
7EB0458E-213B-9C4A-5ABA-65685C361CE0,83D539B8-75D6-725D-49F5-5B618A09FDC3,Simon,Buck,6162 Lacus. Road,166587,Bursa,22.18759537,31.13718651
8BE1C21B-A613-7477-33D6-E26C06A89783,D6833C97-D9FB-DD93-A5AA-C943153B6DCA,Idola,Harding,Ap #878-5883 Vel Rd.,41121,Luik,69.96917187,-79.95041741
5558ACC3-C851-8281-C080-31218A1831BB,B3E966C2-718E-318B-7EE7-29AC693D7A74,Elton,Ryan,136-2907 Quis Street,1608,Santa Catarina,-65.46378619,38.48487137
DA2438D7-5F45-D9DB-435B-7A91DE3D14BD,C22BB106-CEAE-32EB-AD27-942C82EC84BC,Ira,Contreras,933-5116 Donec Av.,53783,Galicia,-79.58334157,164.3971546
886D83C7-F83B-3B59-9E1E-759476BDE2A7,F7519F03-7278-7C47-5E48-7424A9976CAD,Glenna,Silva,"P.O. Box 443, 914 Ipsum. Ave",367727,Orenburg Oblast,53.10499471,-108.816875
CA1D49EB-82EA-2E01-5A6D-4748770A3B7B,8DE9E786-BFED-1499-78ED-3AA9CBC56EAE,Joshua,Glenn,"894-3719 Id, Road",92824-17667,Carinthia,-85.70214124,84.12057334
828CCB82-4A53-757E-5D1D-39E4CEDA4469,5B3A511D-E367-20D4-16B9-CBACAB7642E2,Yasir,Russell,"P.O. Box 454, 8905 Amet, Road",82133-48225,Zhōngnán,2.117923226,-51.3989033
93FE1946-5FC1-70D9-6C93-E8E4F1BB165B,47A6D854-BD93-DBCD-4188-6A6983E017E5,Blake,Phillips,9146 Urna St.,172126,East Region,39.40830126,-138.925641
F1A95AFC-2A4D-58FA-BCAE-9930C5E3AB3E,F9281C08-8134-1EF6-A34E-79766C1569FF,Linus,Kent,"7449 Cursus, Road",739619,Carinthia,-54.66216028,-130.9016335
E122D995-4A45-82A4-6141-2987C1AE1D4A,61A298F8-5D67-ED3A-8617-826F214D76B6,Lyle,Leonard,"P.O. Box 297, 2037 Ac Ave",11140,Aisén,25.09995919,-141.8658221
247D6D6C-EA34-C5C8-5516-5550AEE2D7E7,0654EC6B-7917-419F-EB57-3183CB2AB1C4,Buffy,Hunt,740-4092 Aliquam Rd.,47244,Stockholms län,-28.87585874,176.8043789
B723C33E-5AB6-9FC5-C508-B426448B355C,4759E3DE-961B-C99D-5236-1CA35829D567,Joshua,Henry,688-7406 Diam St.,588622,Saint Petersburg City,-72.27788503,10.43904317
E34C6BD3-489D-B216-7377-1F57DC4DC8AC,8B9A3A9B-FE26-8B6E-435A-5D2D30C797CD,Clare,Olsen,"3443 Vel, Rd.",1548,Nunavut,-88.55526093,-139.0019398
24A13BD4-1ECC-2456-A5A8-80314FB2896F,6C8B977A-E9D3-134C-4DAE-D6E69F4B3D6B,Clare,Cooke,"Ap #534-9412 Vel, Av.",46926,Katsina,70.12059331,-21.65025157
3B3E9D12-7ACE-1569-131B-65E59763990D,4855316A-CEB6-9CDD-7E12-5058CDD12B59,Harlan,Ruiz,Ap #606-2461 Ipsum. Rd.,37141,Sindh,-81.64530278,-110.6491468
BE835495-54DB-1564-4812-0E61D79498DA,D35FB67A-6252-370B-BA20-16328C63C62E,Hollee,Chang,"P.O. Box 564, 8811 Porttitor St.",75146,Burgenland,52.24326021,34.0747222
7242BB07-7618-6CB8-5E5F-69D46F79DB1C,C14866C1-EBE8-AE63-3A46-59477C920A43,Maia,Bass,Ap #434-4501 Ac St.,03228,Lubuskie,-60.12786493,146.6784289
3C62367A-6998-D245-C934-FDC9CBA8B1D2,C3DAD310-5734-B6C4-224B-25D88B473E28,Gisela,Rios,644-1111 Sed St.,892964,Balochistan,-26.47874888,8.252821606
74495C23-856C-B3EE-6A73-D6B90D3A8BE1,7E2BFD5A-A9E7-8BDB-0AA4-3BC6507A1B11,Herrod,Vance,"Ap #331-1349 Dolor, Rd.",833640,Southwestern Tagalog Region,-39.6881279,-108.0643496
B189B147-6EEE-5741-933D-99AC6576F7FF,2BC6D4B8-3137-15B1-443D-E2FD539E816D,Gretchen,Bentley,8178 Mattis Ave,78-44,Hatay,-70.16438733,104.1783274
E57174D9-C824-D1A7-F6ED-6CCEF39ADE76,CD04841A-12B4-6899-7553-BD66E93A765D,Erasmus,Powell,547-9736 Egestas Road,9557 YD,Waals-Brabant,-48.13977252,58.1764777
B312C256-BE62-3009-BF7C-E6053319724C,885E42C5-5B2A-E00B-6EFD-15C14EFC3493,Gannon,Nunez,"P.O. Box 456, 7943 Nullam Street",807775,Lubelskie,-13.99867279,162.4496326
A2AFBD57-42DA-1273-8D5D-03AB6BE3ED98,C439D1B5-7836-3BE9-D83C-ED660A74F519,Tyrone,Christian,934-1406 Id Ave,2603,Zaporizhzhia oblast,82.67126364,-123.9099858
B48E6DED-B239-9B2A-79CB-51E3D3E98F8E,EEBD99C5-D898-613D-0DEE-143993CF273A,Joseph,Bryan,"545-653 Ut, Road",12500,Vestland,56.39453174,75.94570404
3607223B-84AC-90BB-5585-EBBF5BCCF3E4,274762D3-C273-16E9-B8DA-9B2CF567B1DC,Briar,Marquez,678-7409 Penatibus Ave,388688,La Rioja,9.421451366,116.1154856
76B0385F-A01C-67E8-94F7-71CE08426A3C,81CBE149-4B78-1ACD-FC1F-7CB26862A109,Astra,Glover,"P.O. Box 405, 8714 Sem Avenue",20568,Podkarpackie,-11.39476081,165.7479031
E8D218E1-E9DC-C770-E06C-A367622A1B24,D5E9E4E9-2FAA-983D-8D47-1BE454D7642A,Harriet,Dillon,614-491 Massa Rd.,46133,Lima,78.41289155,-175.3014266
C4A43199-A3D4-6281-8BCE-7E5B11EB88D6,F1D13229-B232-2EAF-CAA6-BAFA1723E045,Dolan,King,Ap #714-3580 Libero Avenue,21313,Lambayeque,-11.96094618,-140.8931425
29BF1F74-6138-B21B-927C-6AEF165F2293,D14159A6-A13F-2445-5B1D-5B672D062276,Rina,Beck,"944-3189 Purus, St.",743474,North Island,-59.80642304,141.6239438
B4158256-D715-A69B-5D36-D5B745EAE519,40672AAC-5CBD-B925-C83B-F652C757A5CC,Oprah,Justice,955-2604 Nunc Avenue,26272,Puebla,-31.24638013,-87.72624108
0B82FEE6-64A5-55DC-6511-66BB981CEA1D,460F5B27-79FE-8203-D1C4-6A3AA505DCC5,Stephen,Atkins,Ap #154-1781 Malesuada Avenue,71590,Limburg,-40.621649,26.80561541
CE7BDE15-972E-B032-562E-412D2E92B855,EB1982F9-1788-928D-71C1-B882769D7A46,Jolie,Patel,Ap #313-8513 Magna. Avenue,52661,Zeeland,-44.97001431,-155.7198873
63D5BB1F-C471-7AE4-4200-3D6BC628F810,B3CAE619-27E2-EAC9-ACD8-EB8561D7C672,Brenda,Santana,Ap #795-2033 Tortor. St.,55-63,Oregon,-44.15627274,-160.5871841
BDCC2CBA-4393-7A6A-D497-B7215A4E262E,C3483FC7-DAD7-222C-F728-CCAAD6B8992D,Marvin,Deleon,"P.O. Box 994, 6168 Egestas Av.",54687-311,Uttar Pradesh,-72.15934638,32.64463217
69F1D5D6-5146-1A7E-AAAE-54C4FC5FCC68,DA4942E2-BDD3-5A95-F61C-D9E0CACCC2C3,Prescott,Church,107-6151 Mauris. Road,238066,Zhōngnán,38.33158308,-161.707709
CFA44E47-2F9D-AD7D-BB7B-6E8BE39E3598,340E154B-5E56-8166-A4C7-020B0CE29222,Daniel,Rich,Ap #399-9385 Sit Road,7172,East Region,14.77721723,108.9673297
D5F1A662-1ABC-B20D-68E6-D19159AD636D,D46C43B4-A2E9-F837-4FCC-2BA53C73EB2E,Penelope,Franklin,"Ap #853-8523 A, Av.",37243,Katsina,85.50766746,-51.45641595
A01398DC-7864-3836-9F71-E4DE3CA8B4A0,3DC77267-EB9B-992B-5EA4-2D4214638ECA,Reece,Singleton,961-1455 Vehicula Street,81235,Tennessee,-0.935744819,14.49839811
DE3A9EE3-C1D8-AE5B-9950-BD111CA6593E,6918B621-5441-55A3-2F90-2CDB9EF3E2A8,Demetrius,Pitts,Ap #387-1116 Congue Ave,6359,Wyoming,75.8646953,33.30633667
71BEADA0-299B-A733-B83F-908C1790A5BD,74DB181C-05EA-96E1-6D89-D8C09FDCA793,Xaviera,Serrano,Ap #204-4673 Tincidunt Av.,2507-8715,Antofagasta,32.59207004,159.0191456
95237796-67DD-CFCD-5A83-2687E4458C1A,7E49FA64-C5E2-E18D-8AAD-748D18B19136,Jared,Cobb,1016 Donec Av.,8069,Luik,55.78699909,-14.61207634
31448A86-5E30-7821-3ABB-C163D422A632,165F6D57-CB87-2268-4986-7A9EB56DCD7C,Mannix,Lara,833-4082 Aliquet Rd.,57239,North-East Region,77.70743777,-29.00902461
BD50A7C8-466B-CBD6-3A77-6E2454ECE6D7,AE205594-19E5-D7E7-F610-7D79CC335A93,Mufutau,Clay,Ap #968-2159 Eu Road,632567,Aisén,-26.62651781,-104.515463
ADB9D793-CDC6-FA39-4ECE-F33D871034F1,EAAC5ADC-C23F-4CC7-E499-6563CEAE198B,Omar,Dickerson,Ap #712-881 Nec St.,29-29,Basse-Normandie,-67.90252155,-101.3829842
F52BC255-81E4-613E-4967-AA7DEA57BD81,1DB2CC31-9340-5DAA-1502-1C52C54B32B2,Tatiana,Yang,300-9239 Praesent Rd.,1520-5119,Alajuela,-86.42282353,8.618621133
1617A297-B85A-A3EB-6FBA-B66D7E7F78B1,E3BC4241-9F81-EB56-6E15-3F8C1454270C,Naida,Bennett,783-2695 Nunc St.,312841,Murcia,-86.66882478,-159.292447
117C8119-02F7-4CE2-2A6D-1C9E8C91B54E,BE83E241-242C-EE99-8A07-AA9C989C149C,Giacomo,Carr,Ap #193-8552 Urna. Rd.,397512,Munster,-67.09517711,-140.4906695
B1084EFA-BA96-90BA-1A95-EB132E106F5B,9A1021A4-388B-D53C-663B-96DCC7229FC2,Brenda,Rosales,"P.O. Box 460, 7249 Sed Av.",26635-31877,Huádōng,62.09686764,40.31185193
5AC3EB79-E541-3C7B-E079-4B5C1E9A1149,9E3A8309-656A-AF2B-2540-5E65DBADAD4A,Jeanette,Downs,Ap #953-696 Ornare. Road,8255,Limburg,41.56492216,-51.98035814
D44D7078-2BAC-D9F6-E44B-67DFCF5D1DBE,41DA55AB-5AD4-4FD0-834F-B5A3689AC8F5,Kareem,Downs,"P.O. Box 461, 8342 Diam St.",670810,Riau,-28.801101,125.4611916
9621933A-A567-9355-3438-95F9DB95D4E2,9E37B64F-E9C8-978C-EA91-86131AEED687,Galvin,Gay,"P.O. Box 319, 1843 Egestas Rd.",82743,Melilla,56.15790152,18.35609426
A3ECC822-906B-E436-0866-7E1BBCA84EB5,8CC6DF6F-E17A-267E-1449-1B72CB4C5C65,Jerry,Ward,878-4142 Nisl. Road,50108,Puntarenas,-67.14576824,26.76412518
F1C3835B-1E77-2510-0CA0-3B5DA8E3D928,C1484A4B-1A14-52C2-0CDF-88E9E8E05664,Kermit,Dale,177-6806 Libero St.,414346,Viken,-82.96458097,-74.13294275
2801FCA8-5B1E-FCA0-C6B6-C27B27629B83,3BCCC39D-2E9F-94CA-E23E-6872F8CA0F29,Cameron,Mueller,Ap #459-1323 A St.,M32 2DY,Araucanía,7.042066227,169.9896695
B9683605-8AA8-D3A5-DB99-D6368758576D,41ACDA64-6515-3BFB-4775-E151C99EC865,Acton,Young,721-4943 Eget Ave,92517,Anambra,-19.74053796,-73.82780969
DBBD7B42-DBE5-93DA-1CDE-418DE96860FA,2D35067E-6392-727B-5BE7-B7CB9D25F286,Chastity,Rollins,5777 Pede Rd.,457129,Andhra Pradesh,-62.66780959,-90.44420659
A9D565A3-2C83-F83C-978E-D72CF0491AC9,B3E4C404-2737-4AA8-DF4A-E51A741086D4,Macy,Chen,809-3252 Mattis Street,23807,Prince Edward Island,33.2205524,71.52614595
6659C276-B871-71DC-ABB1-E5E2C7142B9D,F76BCDB1-B99E-93DB-EAF8-1EA098053C17,Lars,Bray,"Ap #852-7321 Dolor, Ave",25682-254,Belgorod Oblast,81.50285978,-87.29962414
74B965E3-B51A-CE2E-85ED-63A2928DC172,168570F1-4BEE-2F9A-8F84-E09D9A2F49C4,Zorita,Hendrix,5917 Eget Ave,XJ47 8AD,North Region,41.11589048,55.92613059
FAB02FE6-1D67-9419-5E44-46F18A256B73,DA31EE9E-52FC-D652-2472-AB965FB33069,Daquan,Murray,994-961 Adipiscing St.,1878,Mazowieckie,-80.07037716,44.06211318
83794EFB-1556-FAA0-A49D-78D9A6AC2762,1992835C-D48E-AC96-09B9-D203C2B1389C,Orson,Haley,973-2055 Praesent Road,94156,La Libertad,-23.80921006,119.5787563
72C586F2-4AFB-7E9D-EDC7-7EBD1E16C9CE,377C382B-AB2B-DE6F-CB69-B5545871F1A8,Kathleen,Joseph,551-2348 Egestas Road,6119,Heredia,68.76393779,-153.760561
EA2FE365-B751-EE85-3DA4-4A2510B6B4B3,B37ECD1D-34D4-BFC6-0123-D13EB9961284,Summer,Dotson,"894-3252 Eget, St.",07776,Zuid Holland,-8.131290317,49.22104095
C158A6A1-FF16-2D6A-E193-3269838F8E15,BBEA2C42-57E2-933E-E54E-638D53231CDA,Norman,Craft,"P.O. Box 118, 2010 Nullam Ave",27775,Nottinghamshire,48.05331456,95.23148308
0762D9DD-FAF7-7FF0-48A9-5AB164EBDB73,2EAB1964-4CFB-C5CB-B5E4-4CAD74EEB56A,Deborah,Perkins,"7352 Amet, Rd.",3817,Stockholms län,49.27161487,-126.7158287
F5457AD4-65A8-1ADB-ADED-8687B4211B61,36271D19-1CE9-0A9A-ED4C-AB601C110D70,Mannix,Becker,Ap #546-6138 Tristique Av.,492977,North Sulawesi,78.8125182,83.04245617
166BCDED-4D0F-29CC-DCE4-82A08E6D86E1,DC379374-2ECA-6CA9-5965-8526DEA66C25,Charlotte,Gamble,"P.O. Box 162, 6429 Mauris Road",383246,Lambayeque,-48.49147576,167.331055
A8E5981D-73C2-4479-5175-5679BAB1D854,17251FE8-E8D0-ED1F-017D-F89B2AEDCE75,Ayanna,Estrada,Ap #368-7876 Donec Rd.,776875,Balochistan,-37.57827564,2.836203315
F7239361-9934-D16E-49CD-8CB2976A240B,81F41E47-C347-D249-22ED-8BB130ADDC40,Palmer,Tyson,495-7239 Rutrum Ave,4765,Puebla,47.24980439,161.8799709
03CCE42A-95F3-33D6-7BF1-FB6C6E55EAC7,547BA691-181C-6B9D-B84D-4416C8A15969,Raya,Tanner,350-5041 Mattis. Rd.,6549,Vaupés,28.85142487,178.8533058
742271AA-BECB-B2BB-8A52-A7BA837CF22F,232A2252-6CB9-51A7-C439-E5D9A5764FD1,Gil,Lynch,"115-6270 Eget, Rd.",4398,Gävleborgs län,-5.367728333,-71.24627466
1EB1DC59-11B3-473C-2846-2D1A48ED2B1E,35A7B3E6-78B4-4B80-F1CE-E5BBE681233E,Travis,Reid,Ap #249-9573 Faucibus Street,43135,Nagaland,18.97012562,-130.5593973
3C984289-D583-55B9-3C94-B6D7ABA1830E,2976C4B6-67D8-CAA9-3B82-713B8B98E778,Guinevere,Randall,"P.O. Box 132, 9200 Sed Rd.",3947 UQ,Zachodniopomorskie,69.41298596,-99.96118917
EB1DBF8C-865C-2C4D-67CB-6E22EE14378C,1A10E52A-EB1B-1609-6BB3-C8D0E7677354,Damon,Gregory,401-219 Tellus Street,16772-497,Upper Austria,54.00486625,-5.017755546
7D2D4EA6-59ED-C7AB-C80E-5EBA2B929389,2B9E28B6-5359-F7C5-995D-2E9FBBB3635D,Reece,Hall,Ap #105-1131 Elit. Street,1111,Special Capital Region of Jakarta,0.147523789,-105.9705296
A673E8BC-C444-C864-F41F-734FAA560E39,1D72B2AF-2DA2-7A77-6574-81AD26058816,Yvonne,Burks,"Ap #349-6698 Posuere, Rd.",74362,Northern Territory,43.4527018,124.2054922
E3817631-F792-CDCB-3247-82B6815B9DC2,EA4E1956-3EA6-0D91-E2A4-3BE686DB9AA7,Dominique,Park,Ap #338-1577 Nisi Av.,9843,Bình Thuận,29.65896776,29.71905167
FC92E981-EA5B-C28E-6DA1-AAD5CADBBB68,C369C9D1-C703-9649-DF03-94B77A1D8C48,Ashely,Fry,166-6622 Erat Rd.,64715,Murcia,-0.778670182,115.9339681
A1E837FD-EF91-2BB3-523A-B7DDC972EE92,69FE7AAE-11E9-1DBE-E094-51CD4C7B71DD,Josiah,Wiley,Ap #932-3996 Pharetra. Rd.,35975,Maranhão,89.47931443,-25.78538834
3B574A34-515A-9B72-C47B-38E37E5148DD,4CF28F0D-CB35-9A0F-EA45-AAE2873CF9D4,Travis,Oneal,627-5886 Tempus Rd.,28458,Lambayeque,40.38696458,-11.15311002
90B7D327-EB16-2BA7-9098-EC11D8DC0DDA,B9BCD53B-C735-A1EA-4620-3149034085E1,Wallace,Nunez,7811 Massa. Ave,83177,Sindh,40.12373996,159.8169803
BB67C471-7669-A636-34AF-59FBDD674DA7,2DD8EBCA-CB1E-686B-9AA8-4BEAD7CA1355,Belle,Thompson,252-7931 Ultrices Av.,18617-876,Burgenland,-41.26752143,138.334148
6CDAEB59-DD36-1934-B819-8B49C8EDD77B,B1EF5564-CE71-17BB-0FBF-7C64DE919473,Axel,Holland,590-3302 Id St.,10811,Luik,-6.297675571,-96.35026145
38B8BABE-E5C9-8DFF-DA51-3F163653F83E,83A41C4A-A4E4-4E34-B3FB-A1E3D00E1017,Nyssa,Cook,Ap #821-4630 Mi Rd.,13907,North Chungcheong,35.52183839,141.5698362
DE265ED3-6DDC-8E5A-0FD3-D8BFB0E1881B,14E425AB-03DE-49A7-6945-8D1BB4EEC296,Joshua,Hendricks,Ap #670-5065 Ligula. St.,30801,Borno,41.42369731,-154.7670723
0FE9EECF-5EF1-51B2-B1CD-C45D7453252B,45328B89-D75E-8713-F6C6-0BC37C2DA674,Xavier,George,6287 Gravida. Street,08166,Central Region,19.88451072,-46.02460201
BB633243-302D-EDF9-33E8-209B8ADB4241,68C45791-A87D-21B2-C8B3-2EC703514E42,Galvin,Sparks,Ap #779-4323 Varius. Av.,21438,Carmarthenshire,-62.25149194,127.7672779
9FA7E17E-489F-B716-2DA6-4941E164B2B1,D495D811-B7C2-A246-A663-17B15098710C,Rooney,Gallegos,Ap #902-1872 Mauris Street,59-323,Yucatán,-17.49620859,-115.2068114
1BBDD406-B8F4-5E93-DD2C-AAA592F7C35A,87E369CE-156A-BDC6-3FFE-DDFC67BE8E4C,Davis,Dixon,416-3879 Facilisis Avenue,47704,Limón,-80.00827341,11.5395583
